Unnamed:0,DESA_1,year,population
0,NANGERANG,2011,1801
1,SIMPANG,2011,1905
2,SAKAMBANG,2011,1401
3,NAGROG,2011,3342
4,CIBUNTU,2011,1427
5,SUMURUGUL,2011,1596
6,RAHARJA,2011,1269
7,WANAYASA,2011,5003
8,BABAKAN,2011,3279
9,WANASARI,2011,3281
10,LEGOKHUNI,2011,2204
11,CIAWI,2011,2557
12,SUKADAMI,2011,3199
13,TARINGGUL TONGGOH,2011,3211
14,TARINGGUL TENGAH,2011,3446
15,JATIMEKAR,2011,3418
16,CIKAOBANDUNG,2011,4875
17,JATILUHUR,2011,3541
18,CILEGONG,2011,4859
19,KEMBANGKUNING,2011,10645
20,CIBINONG,2011,4334
21,PARAKANLIMA,2011,5103
22,CISALADA,2011,6018
23,MEKARGALIH,2011,8480
24,BUNDER,2011,10658
25,PUSAKAMULYA,2011,4023
26,PARAKAN GAROKGEK,2011,3000
27,CIRACAS,2011,2318
28,KIARAPEDES,2011,2720
29,CIBEBER,2011,1945
30,SUMBERSARI,2011,1540
31,MEKARJAYA,2011,1888
32,MARGALUYU,2011,2422
33,GARDU,2011,1884
34,TARINGGUL LANDEUH,2011,1854
35,PARUNGBANTENG,2011,2519
36,SUKASARI,2011,3341
37,CIRIRIP,2011,2936
38,KERTAMANAH,2011,2458
39,KUTAMANAH,2011,3201
40,CIBINGBIN,2011,4386
41,BOJONG TIMUR,2011,3741
42,PASANGGRAHAN,2011,2094
43,CIHANJAWAR,2011,2079
44,CIKERIS,2011,2554
45,BOJONG BARAT,2011,3181
46,PANGKALAN,2011,2235
47,SUKAMANAH,2011,2462
48,PAWENANG,2011,2581
49,SINDANGSARI,2011,2907
50,SINDANGPANON,2011,5297
51,CIPEUNDEUY,2011,4114
52,CILEUNCA,2011,3270
53,KERTASARI,2011,3856
54,SINDANGKASIH,2011,17971
55,NAGERI KIDUL,2011,15026
56,NAGERI TENGAH,2011,10582
57,CIPAISAN,2011,11986
58,NAGERI KALER,2011,25494
59,TEGALMUNJUL,2011,13162
60,CITALANG,2011,7876
61,MUNJULJAYA,2011,17475
62,CISEUREUH,2011,36489
63,PURWAMEKAR,2011,9386
64,MARACANG,2011,7004
65,CIWARENG,2011,7745
66,MULYAMEKAR,2011,7595
67,CIGELAM,2011,5118
68,BABAKANCIKAO,2011,4107
69,KADUMEKAR,2011,1502
70,HEGARMANAH,2011,2863
71,CICADAS,2011,5468
72,CILANGKAP,2011,6074
73,BUNGUR JAYA,2011,1684
74,PONDOKBUNGUR,2011,2783
75,SALEM,2011,2742
76,GALUDRA,2011,1123
77,SUKAJADI,2011,2470
78,TANJUNGSARI,2011,4267
79,SALAM JAYA,2011,2414
80,SITU,2011,2026
81,PARAKANSALAM,2011,1520
82,SALAM MULYA,2011,2977
83,GURUDUG,2011,2323
84,CIHERANG,2011,3562
85,CIDAHU,2011,1403
86,PASAWAHAN ANYAR,2011,1637
87,PASAWAHANKIDUL,2011,3244
88,SAWAH KULON,2011,4354
89,KERTAJAYA,2011,4018
90,LEBAKANYAR,2011,4757
91,CIHUNI,2011,3238
92,WARUNGKADU,2011,2241
93,SELAAWI,2011,4105
94,MARGASARI,2011,3481
95,PASAWAHAN,2011,4478
96,CIRENDE,2011,1836
97,BENTENG,2011,2665
98,CAMPAKA,2011,3678
99,CAMPAKASARI,2011,4895
100,CIJUNTI,2011,4547
101,CISAAT,2011,3349
102,CIMAHI,2011,4562
103,CIKUMPAY,2011,6608
104,CIJAYA,2011,5007
105,KERTAMUKTI,2011,3760
106,WANAWALI,2011,1466
107,CIKADU,2011,1959
108,CIBUKAMANAH,2011,1876
109,CIRANGKONG,2011,2872
110,CIPANCUR,2011,1557
111,CIPINANG,2011,4146
112,CIPARUNGSARI,2011,3085
113,KARYAMEKAR,2011,2885
114,CIBATU,2011,2782
115,CILANDAK,2011,4360
116,PASIRANGIN,2011,4908
117,NANGEWER,2011,5892
118,NEGLASARI,2011,4254
119,LINGGASARI,2011,3681
120,SAWIT,2011,3611
121,SIRNAMANAH,2011,1733
122,DEPOK,2011,5746
123,LEGOKSARI,2011,1909
124,MEKARSARI,2011,3935
125,GUNUNGHEJO,2011,2707
126,DARANGDAN,2011,5621
127,SADARKARYA,2011,2861
128,LINGGAMUKTI,2011,2781
129,CILINGGA,2011,4088
130,NAGRAK,2011,5976
131,TEGALDATAR,2011,5602
132,SINARGALIH,2011,5754
133,CITAMIANG,2011,3873
134,CIJATI,2011,2364
135,GUNUNGKARUNG,2011,3972
136,PASIRJAMBU,2011,3296
137,CIRAMAHILIR,2011,3351
138,SUKAMUKTI,2011,3056
139,SUKAHAJI,2011,2545
140,KAROYA,2011,4255
141,CADASSARI,2011,2463
142,CADASMEKAR,2011,2908
143,CITALANG,2011,4411
144,BATUTUMPANG,2011,3885
145,TEGALWARU,2011,2353
146,TEGALSARI,2011,2372
147,WARUNGJERUK,2011,4220
148,GALUMPIT,2011,2374
149,CISARUA,2011,4225
150,SUKAMULYA,2011,5203
151,PASANGGRAHAN,2011,2946
152,RAWASARI,2011,2576
153,GANDASOLI,2011,3046
154,GANDAMEKAR,2011,2906
155,CIBOGOHILIR,2011,6257
156,PALINGGIHAN,2011,4791
157,BABAKAN SARI,2011,2795
158,P L E R E D,2011,5162
159,SINDANGSARI,2011,4863
160,CITEKO,2011,4522
161,CITEKOKALER,2011,3288
162,LINGGARSARI,2011,3938
163,PAMOYANAN,2011,5372
164,LIUNGGUNUNG,2011,5438
165,ANJUN,2011,4250
166,CIBOGO GIRANG,2011,6747
167,SEMPUR,2011,5148
168,CIANTING,2011,6140
169,PASIRMUNJUL,2011,2967
170,CIBODAS,2011,3484
171,CIANTING UTARA,2011,2768
172,SUKATANI,2011,11191
173,MALANGNENGAH,2011,4534
174,CILALAWI,2011,3857
175,SUKAMAJU,2011,2889
176,CIPICUNG,2011,2889
177,TAJURSINDANG,2011,4874
178,SINDANGLAYA,2011,3798
179,PANYINDANGAN,2011,5852
180,SUKAJAYA,2011,4387
181,CIJANTUNG,2011,4133
182,CIWANGI,2011,10849
183,CIBENING,2011,8674
184,BUNGURSARI,2011,3320
185,CIBUNGUR,2011,3380
186,DANGDEUR,2011,1872
187,WANAKERTA,2011,4179
188,CINANGKA,2011,4015
189,CIKOPO,2011,6787
190,KARANGMUKTI,2011,2371
191,CIBODAS,2011,5851
192,NANGERANG,2012,1957
193,SIMPANG,2012,1897
194,SAKAMBANG,2012,1596
195,NAGROG,2012,2343
196,CIBUNTU,2012,1444
197,SUMURUGUL,2012,1640
198,RAHARJA,2012,1347
199,WANAYASA,2012,5386
200,BABAKAN,2012,3831
201,WANASARI,2012,3053
202,LEGOKHUNI,2012,2516
203,CIAWI,2012,2913
204,SUKADAMI,2012,3117
205,TARINGGUL TONGGOH,2012,3442
206,TARINGGUL TENGAH,2012,3215
207,JATIMEKAR,2012,3980
208,CIKAOBANDUNG,2012,5132
209,JATILUHUR,2012,3597
210,CILEGONG,2012,5055
211,KEMBANGKUNING,2012,9615
212,CIBINONG,2012,4379
213,PARAKANLIMA,2012,4759
214,CISALADA,2012,6233
215,MEKARGALIH,2012,8867
216,BUNDER,2012,10698
217,PUSAKAMULYA,2012,4023
218,PARAKAN GAROKGEK,2012,3000
219,CIRACAS,2012,2318
220,KIARAPEDES,2012,2720
221,CIBEBER,2012,1945
222,SUMBERSARI,2012,1540
223,MEKARJAYA,2012,1888
224,MARGALUYU,2012,2422
225,GARDU,2012,1884
226,TARINGGUL LANDEUH,2012,1854
227,PARUNGBANTENG,2012,2558
228,SUKASARI,2012,3393
229,CIRIRIP,2012,2984
230,KERTAMANAH,2012,2504
231,KUTAMANAH,2012,3268
232,CIBINGBIN,2012,4411
233,BOJONG TIMUR,2012,3970
234,PASANGGRAHAN,2012,2345
235,CIHANJAWAR,2012,1352
236,CIKERIS,2012,2731
237,BOJONG BARAT,2012,3395
238,PANGKALAN,2012,2415
239,SUKAMANAH,2012,3254
240,PAWENANG,2012,2817
241,SINDANGSARI,2012,3055
242,SINDANGPANON,2012,5873
243,CIPEUNDEUY,2012,4526
244,CILEUNCA,2012,3480
245,KERTASARI,2012,4030
246,SINDANGKASIH,2012,17614
247,NAGERI KIDUL,2012,14590
248,NAGERI TENGAH,2012,10900
249,CIPAISAN,2012,9771
250,NAGERI KALER,2012,22500
251,TEGALMUNJUL,2012,12138
252,CITALANG,2012,6463
253,MUNJULJAYA,2012,17045
254,CISEUREUH,2012,28724
255,PURWAMEKAR,2012,7752
256,MARACANG,2012,5234
257,CIWARENG,2012,7804
258,MULYAMEKAR,2012,7447
259,CIGELAM,2012,5757
260,BABAKANCIKAO,2012,4038
261,KADUMEKAR,2012,1488
262,HEGARMANAH,2012,2879
263,CICADAS,2012,5465
264,CILANGKAP,2012,5893
265,BUNGUR JAYA,2012,1709
266,PONDOKBUNGUR,2012,2843
267,SALEM,2012,2812
268,GALUDRA,2012,1143
269,SUKAJADI,2012,2499
270,TANJUNGSARI,2012,4285
271,SALAM JAYA,2012,2454
272,SITU,2012,2070
273,PARAKANSALAM,2012,1537
274,SALAM MULYA,2012,3019
275,GURUDUG,2012,2344
276,CIHERANG,2012,3947
277,CIDAHU,2012,1600
278,PASAWAHAN ANYAR,2012,1749
279,PASAWAHANKIDUL,2012,3210
280,SAWAH KULON,2012,4564
281,KERTAJAYA,2012,4140
282,LEBAKANYAR,2012,4791
283,CIHUNI,2012,3454
284,WARUNGKADU,2012,2612
285,SELAAWI,2012,4819
286,MARGASARI,2012,3409
287,PASAWAHAN,2012,4301
288,CIRENDE,2012,1849
289,BENTENG,2012,2488
290,CAMPAKA,2012,3429
291,CAMPAKASARI,2012,5062
292,CIJUNTI,2012,4624
293,CISAAT,2012,3512
294,CIMAHI,2012,5219
295,CIKUMPAY,2012,5193
296,CIJAYA,2012,3558
297,KERTAMUKTI,2012,3485
298,WANAWALI,2012,1571
299,CIKADU,2012,2085
300,CIBUKAMANAH,2012,2040
301,CIRANGKONG,2012,3133
302,CIPANCUR,2012,1642
303,CIPINANG,2012,4074
304,CIPARUNGSARI,2012,2980
305,KARYAMEKAR,2012,2943
306,CIBATU,2012,2679
307,CILANDAK,2012,4074
308,PASIRANGIN,2012,5137
309,NANGEWER,2012,5916
310,NEGLASARI,2012,4234
311,LINGGASARI,2012,3872
312,SAWIT,2012,3643
313,SIRNAMANAH,2012,1834
314,DEPOK,2012,5698
315,LEGOKSARI,2012,2028
316,MEKARSARI,2012,4071
317,GUNUNGHEJO,2012,2850
318,DARANGDAN,2012,5627
319,SADARKARYA,2012,2845
320,LINGGAMUKTI,2012,2837
321,CILINGGA,2012,4181
322,NAGRAK,2012,6226
323,TEGALDATAR,2012,5241
324,SINARGALIH,2012,5333
325,CITAMIANG,2012,3894
326,CIJATI,2012,2437
327,GUNUNGKARUNG,2012,4124
328,PASIRJAMBU,2012,3217
329,CIRAMAHILIR,2012,3241
330,SUKAMUKTI,2012,3416
331,SUKAHAJI,2012,2603
332,KAROYA,2012,4175
333,CADASSARI,2012,2575
334,CADASMEKAR,2012,3023
335,CITALANG,2012,4400
336,BATUTUMPANG,2012,3982
337,TEGALWARU,2012,2472
338,TEGALSARI,2012,2458
339,WARUNGJERUK,2012,4262
340,GALUMPIT,2012,2465
341,CISARUA,2012,4285
342,SUKAMULYA,2012,5244
343,PASANGGRAHAN,2012,3058
344,RAWASARI,2012,3537
345,GANDASOLI,2012,3223
346,GANDAMEKAR,2012,2911
347,CIBOGOHILIR,2012,6325
348,PALINGGIHAN,2012,5166
349,BABAKAN SARI,2012,2795
350,P L E R E D,2012,5207
351,SINDANGSARI,2012,5336
352,CITEKO,2012,5417
353,CITEKOKALER,2012,3288
354,LINGGARSARI,2012,4163
355,PAMOYANAN,2012,5522
356,LIUNGGUNUNG,2012,5279
357,ANJUN,2012,4250
358,CIBOGO GIRANG,2012,7275
359,SEMPUR,2012,5432
360,CIANTING,2012,6550
361,PASIRMUNJUL,2012,3544
362,CIBODAS,2012,3972
363,CIANTING UTARA,2012,3032
364,SUKATANI,2012,11218
365,MALANGNENGAH,2012,4629
366,CILALAWI,2012,4405
367,SUKAMAJU,2012,3383
368,CIPICUNG,2012,3113
369,TAJURSINDANG,2012,5201
370,SINDANGLAYA,2012,3941
371,PANYINDANGAN,2012,5561
372,SUKAJAYA,2012,5006
373,CIJANTUNG,2012,4064
374,CIWANGI,2012,10904
375,CIBENING,2012,7951
376,BUNGURSARI,2012,3369
377,CIBUNGUR,2012,3352
378,DANGDEUR,2012,1970
379,WANAKERTA,2012,3506
380,CINANGKA,2012,3306
381,CIKOPO,2012,7242
382,KARANGMUKTI,2012,4468
383,CIBODAS,2012,6311
384,NANGERANG,2013,2058
385,SIMPANG,2013,1953
386,SAKAMBANG,2013,1630
387,NAGROG,2013,2353
388,CIBUNTU,2013,1469
389,SUMURUGUL,2013,1685
390,RAHARJA,2013,1354
391,WANAYASA,2013,5399
392,BABAKAN,2013,3847
393,WANASARI,2013,3281
394,LEGOKHUNI,2013,2796
395,CIAWI,2013,2911
396,SUKADAMI,2013,3450
397,TARINGGUL TONGGOH,2013,3491
398,TARINGGUL TENGAH,2013,3214
399,JATIMEKAR,2013,3980
400,CIKAOBANDUNG,2013,5113
401,JATILUHUR,2013,3589
402,CILEGONG,2013,5084
403,KEMBANGKUNING,2013,9639
404,CIBINONG,2013,4380
405,PARAKANLIMA,2013,5434
406,CISALADA,2013,6279
407,MEKARGALIH,2013,8994
408,BUNDER,2013,10698
409,PUSAKAMULYA,2013,4156
410,PARAKAN GAROKGEK,2013,2881
411,CIRACAS,2013,2492
412,KIARAPEDES,2013,2611
413,CIBEBER,2013,2042
414,SUMBERSARI,2013,1608
415,MEKARJAYA,2013,2517
416,MARGALUYU,2013,2613
417,GARDU,2013,2243
418,TARINGGUL LANDEUH,2013,1980
419,PARUNGBANTENG,2013,2901
420,SUKASARI,2013,3127
421,CIRIRIP,2013,3428
422,KERTAMANAH,2013,2458
423,KUTAMANAH,2013,3759
424,CIBINGBIN,2013,4660
425,BOJONG TIMUR,2013,3979
426,PASANGGRAHAN,2013,2362
427,CIHANJAWAR,2013,2346
428,CIKERIS,2013,2635
429,BOJONG BARAT,2013,3368
430,PANGKALAN,2013,2415
431,SUKAMANAH,2013,2649
432,PAWENANG,2013,2831
433,SINDANGSARI,2013,3151
434,SINDANGPANON,2013,5874
435,CIPEUNDEUY,2013,4533
436,CILEUNCA,2013,3502
437,KERTASARI,2013,4163
438,SINDANGKASIH,2013,17971
439,NAGERI KIDUL,2013,15026
440,NAGERI TENGAH,2013,10582
441,CIPAISAN,2013,11986
442,NAGERI KALER,2013,25494
443,TEGALMUNJUL,2013,13162
444,CITALANG,2013,7876
445,MUNJULJAYA,2013,17475
446,CISEUREUH,2013,36489
447,PURWAMEKAR,2013,9386
448,MARACANG,2013,5261
449,CIWARENG,2013,7861
450,MULYAMEKAR,2013,7577
451,CIGELAM,2013,5545
452,BABAKANCIKAO,2013,3429
453,KADUMEKAR,2013,1487
454,HEGARMANAH,2013,2895
455,CICADAS,2013,3925
456,CILANGKAP,2013,5987
457,BUNGUR JAYA,2013,1976
458,PONDOKBUNGUR,2013,3159
459,SALEM,2013,3299
460,GALUDRA,2013,1430
461,SUKAJADI,2013,2692
462,TANJUNGSARI,2013,4266
463,SALAM JAYA,2013,2660
464,SITU,2013,2156
465,PARAKANSALAM,2013,1997
466,SALAM MULYA,2013,3562
467,GURUDUG,2013,2393
468,CIHERANG,2013,3901
469,CIDAHU,2013,1615
470,PASAWAHAN ANYAR,2013,1801
471,PASAWAHANKIDUL,2013,3271
472,SAWAH KULON,2013,4486
473,KERTAJAYA,2013,4071
474,LEBAKANYAR,2013,4852
475,CIHUNI,2013,3486
476,WARUNGKADU,2013,2621
477,SELAAWI,2013,3896
478,MARGASARI,2013,3438
479,PASAWAHAN,2013,4501
480,CIRENDE,2013,2474
481,BENTENG,2013,3200
482,CAMPAKA,2013,3444
483,CAMPAKASARI,2013,5055
484,CIJUNTI,2013,4638
485,CISAAT,2013,3524
486,CIMAHI,2013,5270
487,CIKUMPAY,2013,2137
488,CIJAYA,2013,3559
489,KERTAMUKTI,2013,3419
490,WANAWALI,2013,1588
491,CIKADU,2013,2102
492,CIBUKAMANAH,2013,2057
493,CIRANGKONG,2013,3150
494,CIPANCUR,2013,1639
495,CIPINANG,2013,4088
496,CIPARUNGSARI,2013,2997
497,KARYAMEKAR,2013,2960
498,CIBATU,2013,2696
499,CILANDAK,2013,3924
500,PASIRANGIN,2013,5373
501,NANGEWER,2013,5962
502,NEGLASARI,2013,4244
503,LINGGASARI,2013,4053
504,SAWIT,2013,3703
505,SIRNAMANAH,2013,2024
506,DEPOK,2013,6073
507,LEGOKSARI,2013,2210
508,MEKARSARI,2013,4272
509,GUNUNGHEJO,2013,3040
510,DARANGDAN,2013,5664
511,SADARKARYA,2013,2878
512,LINGGAMUKTI,2013,2930
513,CILINGGA,2013,4409
514,NAGRAK,2013,6452
515,TEGALDATAR,2013,6259
516,SINARGALIH,2013,6369
517,CITAMIANG,2013,4651
518,CIJATI,2013,2911
519,GUNUNGKARUNG,2013,4926
520,PASIRJAMBU,2013,3843
521,CIRAMAHILIR,2013,3871
522,SUKAMUKTI,2013,4081
523,SUKAHAJI,2013,2651
524,KAROYA,2013,4266
525,CADASSARI,2013,2610
526,CADASMEKAR,2013,3065
527,CITALANG,2013,4483
528,BATUTUMPANG,2013,4044
529,TEGALWARU,2013,2533
530,TEGALSARI,2013,2493
531,WARUNGJERUK,2013,4319
532,GALUMPIT,2013,2508
533,CISARUA,2013,4369
534,SUKAMULYA,2013,5337
535,PASANGGRAHAN,2013,3091
536,RAWASARI,2013,3650
537,GANDASOLI,2013,3388
538,GANDAMEKAR,2013,3021
539,CIBOGOHILIR,2013,6411
540,PALINGGIHAN,2013,5323
541,BABAKAN SARI,2013,2901
542,P L E R E D,2013,5317
543,SINDANGSARI,2013,5451
544,CITEKO,2013,5527
545,CITEKOKALER,2013,3757
546,LINGGARSARI,2013,4288
547,PAMOYANAN,2013,5642
548,LIUNGGUNUNG,2013,5321
549,ANJUN,2013,4451
550,CIBOGO GIRANG,2013,7385
551,SEMPUR,2013,5502
552,CIANTING,2013,6553
553,PASIRMUNJUL,2013,3579
554,CIBODAS,2013,3959
555,CIANTING UTARA,2013,3031
556,SUKATANI,2013,11218
557,MALANGNENGAH,2013,5514
558,CILALAWI,2013,4815
559,SUKAMAJU,2013,3374
560,CIPICUNG,2013,3117
561,TAJURSINDANG,2013,5208
562,SINDANGLAYA,2013,3950
563,PANYINDANGAN,2013,5561
564,SUKAJAYA,2013,4956
565,CIJANTUNG,2013,4093
566,CIWANGI,2013,10930
567,CIBENING,2013,9106
568,BUNGURSARI,2013,3368
569,CIBUNGUR,2013,3344
570,DANGDEUR,2013,1973
571,WANAKERTA,2013,3711
572,CINANGKA,2013,3281
573,CIKOPO,2013,7264
574,KARANGMUKTI,2013,2652
575,CIBODAS,2013,6287
576,NANGERANG,2014,2057
577,SIMPANG,2014,1943
578,SAKAMBANG,2014,1641
579,NAGROG,2014,2542
580,CIBUNTU,2014,1524
581,SUMURUGUL,2014,1648
582,RAHARJA,2014,1414
583,WANAYASA,2014,5533
584,BABAKAN,2014,3876
585,WANASARI,2014,3789
586,LEGOKHUNI,2014,2887
587,CIAWI,2014,2981
588,SUKADAMI,2014,3547
589,TARINGGUL TONGGOH,2014,3483
590,TARINGGUL TENGAH,2014,3848
591,JATIMEKAR,2014,3906
592,CIKAOBANDUNG,2014,5073
593,JATILUHUR,2014,3631
594,CILEGONG,2014,5105
595,KEMBANGKUNING,2014,9638
596,CIBINONG,2014,4400
597,PARAKANLIMA,2014,5470
598,CISALADA,2014,6319
599,MEKARGALIH,2014,9082
600,BUNDER,2014,10836
601,PUSAKAMULYA,2014,3960
602,PARAKAN GAROKGEK,2014,2888
603,CIRACAS,2014,2673
604,KIARAPEDES,2014,2650
605,CIBEBER,2014,2103
606,SUMBERSARI,2014,1597
607,MEKARJAYA,2014,2511
608,MARGALUYU,2014,2619
609,GARDU,2014,2228
610,TARINGGUL LANDEUH,2014,2019
611,PARUNGBANTENG,2014,2980
612,SUKASARI,2014,3446
613,CIRIRIP,2014,3863
614,KERTAMANAH,2014,2935
615,KUTAMANAH,2014,3810
616,CIBINGBIN,2014,4679
617,BOJONG TIMUR,2014,3975
618,PASANGGRAHAN,2014,2343
619,CIHANJAWAR,2014,2394
620,CIKERIS,2014,2666
621,BOJONG BARAT,2014,3055
622,PANGKALAN,2014,2431
623,SUKAMANAH,2014,2665
624,PAWENANG,2014,2838
625,SINDANGSARI,2014,3148
626,SINDANGPANON,2014,5985
627,CIPEUNDEUY,2014,4560
628,CILEUNCA,2014,3651
629,KERTASARI,2014,4162
630,SINDANGKASIH,2014,16984
631,NAGERI KIDUL,2014,14568
632,NAGERI TENGAH,2014,11039
633,CIPAISAN,2014,9206
634,NAGERI KALER,2014,22202
635,TEGALMUNJUL,2014,12059
636,CITALANG,2014,6753
637,MUNJULJAYA,2014,17266
638,CISEUREUH,2014,27234
639,PURWAMEKAR,2014,7247
640,MARACANG,2014,5293
641,CIWARENG,2014,7875
642,MULYAMEKAR,2014,6894
643,CIGELAM,2014,5863
644,BABAKANCIKAO,2014,3741
645,KADUMEKAR,2014,1522
646,HEGARMANAH,2014,2921
647,CICADAS,2014,4498
648,CILANGKAP,2014,5904
649,BUNGUR JAYA,2014,2006
650,PONDOKBUNGUR,2014,3225
651,SALEM,2014,3602
652,GALUDRA,2014,1309
653,SUKAJADI,2014,2704
654,TANJUNGSARI,2014,4304
655,SALAM JAYA,2014,3221
656,SITU,2014,2414
657,PARAKANSALAM,2014,1538
658,SALAM MULYA,2014,3114
659,GURUDUG,2014,2469
660,CIHERANG,2014,3978
661,CIDAHU,2014,1623
662,PASAWAHAN ANYAR,2014,1870
663,PASAWAHANKIDUL,2014,3227
664,SAWAH KULON,2014,5476
665,KERTAJAYA,2014,4711
666,LEBAKANYAR,2014,4889
667,CIHUNI,2014,3468
668,WARUNGKADU,2014,2461
669,SELAAWI,2014,4493
670,MARGASARI,2014,3439
671,PASAWAHAN,2014,4807
672,CIRENDE,2014,1916
673,BENTENG,2014,2640
674,CAMPAKA,2014,4107
675,CAMPAKASARI,2014,5036
676,CIJUNTI,2014,5786
677,CISAAT,2014,3620
678,CIMAHI,2014,5492
679,CIKUMPAY,2014,6164
680,CIJAYA,2014,3560
681,KERTAMUKTI,2014,3525
682,WANAWALI,2014,1589
683,CIKADU,2014,2193
684,CIBUKAMANAH,2014,2114
685,CIRANGKONG,2014,3133
686,CIPANCUR,2014,1777
687,CIPINANG,2014,4046
688,CIPARUNGSARI,2014,3004
689,KARYAMEKAR,2014,3411
690,CIBATU,2014,2990
691,CILANDAK,2014,4076
692,PASIRANGIN,2014,5589
693,NANGEWER,2014,5955
694,NEGLASARI,2014,4122
695,LINGGASARI,2014,4072
696,SAWIT,2014,3551
697,SIRNAMANAH,2014,2067
698,DEPOK,2014,6734
699,LEGOKSARI,2014,2208
700,MEKARSARI,2014,4989
701,GUNUNGHEJO,2014,3054
702,DARANGDAN,2014,5716
703,SADARKARYA,2014,2786
704,LINGGAMUKTI,2014,2955
705,CILINGGA,2014,4412
706,NAGRAK,2014,6896
707,TEGALDATAR,2014,6796
708,SINARGALIH,2014,6710
709,CITAMIANG,2014,4869
710,CIJATI,2014,2769
711,GUNUNGKARUNG,2014,4724
712,PASIRJAMBU,2014,3773
713,CIRAMAHILIR,2014,3772
714,SUKAMUKTI,2014,3521
715,SUKAHAJI,2014,2461
716,KAROYA,2014,4604
717,CADASSARI,2014,2749
718,CADASMEKAR,2014,4119
719,CITALANG,2014,4353
720,BATUTUMPANG,2014,4881
721,TEGALWARU,2014,2839
722,TEGALSARI,2014,2493
723,WARUNGJERUK,2014,4207
724,GALUMPIT,2014,2476
725,CISARUA,2014,4766
726,SUKAMULYA,2014,5537
727,PASANGGRAHAN,2014,3168
728,RAWASARI,2014,3537
729,GANDASOLI,2014,3560
730,GANDAMEKAR,2014,3925
731,CIBOGOHILIR,2014,7435
732,PALINGGIHAN,2014,5326
733,BABAKAN SARI,2014,2901
734,P L E R E D,2014,5207
735,SINDANGSARI,2014,5158
736,CITEKO,2014,4672
737,CITEKOKALER,2014,3319
738,LINGGARSARI,2014,4439
739,PAMOYANAN,2014,5698
740,LIUNGGUNUNG,2014,6669
741,ANJUN,2014,5175
742,CIBOGO GIRANG,2014,8369
743,SEMPUR,2014,6110
744,CIANTING,2014,5308
745,PASIRMUNJUL,2014,3562
746,CIBODAS,2014,4064
747,CIANTING UTARA,2014,3032
748,SUKATANI,2014,12325
749,MALANGNENGAH,2014,5468
750,CILALAWI,2014,4852
751,SUKAMAJU,2014,3399
752,CIPICUNG,2014,3234
753,TAJURSINDANG,2014,6721
754,SINDANGLAYA,2014,3940
755,PANYINDANGAN,2014,5505
756,SUKAJAYA,2014,4889
757,CIJANTUNG,2014,4173
758,CIWANGI,2014,10910
759,CIBENING,2014,10437
760,BUNGURSARI,2014,3361
761,CIBUNGUR,2014,3448
762,DANGDEUR,2014,2098
763,WANAKERTA,2014,3911
764,CINANGKA,2014,3945
765,CIKOPO,2014,7264
766,KARANGMUKTI,2014,2665
767,CIBODAS,2014,6854
768,NANGERANG,2015,2317
769,SIMPANG,2015,1897
770,SAKAMBANG,2015,1583
771,NAGROG,2015,2524
772,CIBUNTU,2015,1574
773,SUMURUGUL,2015,1749
774,RAHARJA,2015,1419
775,WANAYASA,2015,5705
776,BABAKAN,2015,3875
777,WANASARI,2015,3792
778,LEGOKHUNI,2015,2895
779,CIAWI,2015,2969
780,SUKADAMI,2015,3581
781,TARINGGUL TONGGOH,2015,3567
782,TARINGGUL TENGAH,2015,3211
783,JATIMEKAR,2015,3917
784,CIKAOBANDUNG,2015,5014
785,JATILUHUR,2015,3652
786,CILEGONG,2015,5197
787,KEMBANGKUNING,2015,9615
788,CIBINONG,2015,4448
789,PARAKANLIMA,2015,5567
790,CISALADA,2015,6658
791,MEKARGALIH,2015,9082
792,BUNDER,2015,12173
793,PUSAKAMULYA,2015,4296
794,PARAKAN GAROKGEK,2015,2663
795,CIRACAS,2015,2684
796,KIARAPEDES,2015,2886
797,CIBEBER,2015,2106
798,SUMBERSARI,2015,1865
799,MEKARJAYA,2015,2519
800,MARGALUYU,2015,2470
801,GARDU,2015,2216
802,TARINGGUL LANDEUH,2015,2016
803,PARUNGBANTENG,2015,3001
804,SUKASARI,2015,3863
805,CIRIRIP,2015,3863
806,KERTAMANAH,2015,2986
807,KUTAMANAH,2015,3946
808,CIBINGBIN,2015,4707
809,BOJONG TIMUR,2015,4115
810,PASANGGRAHAN,2015,2351
811,CIHANJAWAR,2015,2405
812,CIKERIS,2015,2808
813,BOJONG BARAT,2015,3120
814,PANGKALAN,2015,2443
815,SUKAMANAH,2015,2706
816,PAWENANG,2015,2898
817,SINDANGSARI,2015,3174
818,SINDANGPANON,2015,6021
819,CIPEUNDEUY,2015,4685
820,CILEUNCA,2015,3663
821,KERTASARI,2015,4152
822,SINDANGKASIH,2015,18071
823,NAGERI KIDUL,2015,14351
824,NAGERI TENGAH,2015,10549
825,CIPAISAN,2015,8857
826,NAGERI KALER,2015,21876
827,TEGALMUNJUL,2015,12175
828,CITALANG,2015,6798
829,MUNJULJAYA,2015,17286
830,CISEUREUH,2015,26849
831,PURWAMEKAR,2015,7063
832,MARACANG,2015,5326
833,CIWARENG,2015,7991
834,MULYAMEKAR,2015,7564
835,CIGELAM,2015,6077
836,BABAKANCIKAO,2015,3765
837,KADUMEKAR,2015,1906
838,HEGARMANAH,2015,2921
839,CICADAS,2015,3853
840,CILANGKAP,2015,5996
841,BUNGUR JAYA,2015,2006
842,PONDOKBUNGUR,2015,3217
843,SALEM,2015,3727
844,GALUDRA,2015,1336
845,SUKAJADI,2015,2695
846,TANJUNGSARI,2015,4263
847,SALAM JAYA,2015,3229
848,SITU,2015,2425
849,PARAKANSALAM,2015,1554
850,SALAM MULYA,2015,3022
851,GURUDUG,2015,2470
852,CIHERANG,2015,4002
853,CIDAHU,2015,1627
854,PASAWAHAN ANYAR,2015,1887
855,PASAWAHANKIDUL,2015,3271
856,SAWAH KULON,2015,5487
857,KERTAJAYA,2015,4653
858,LEBAKANYAR,2015,4928
859,CIHUNI,2015,3513
860,WARUNGKADU,2015,2390
861,SELAAWI,2015,4892
862,MARGASARI,2015,3435
863,PASAWAHAN,2015,4340
864,CIRENDE,2015,2296
865,BENTENG,2015,3061
866,CAMPAKA,2015,4198
867,CAMPAKASARI,2015,5551
868,CIJUNTI,2015,5988
869,CISAAT,2015,4147
870,CIMAHI,2015,5650
871,CIKUMPAY,2015,6349
872,CIJAYA,2015,4798
873,KERTAMUKTI,2015,4468
874,WANAWALI,2015,1615
875,CIKADU,2015,2229
876,CIBUKAMANAH,2015,2133
877,CIRANGKONG,2015,3312
878,CIPANCUR,2015,1819
879,CIPINANG,2015,4074
880,CIPARUNGSARI,2015,3058
881,KARYAMEKAR,2015,3450
882,CIBATU,2015,3025
883,CILANDAK,2015,4301
884,PASIRANGIN,2015,5618
885,NANGEWER,2015,6019
886,NEGLASARI,2015,4167
887,LINGGASARI,2015,4080
888,SAWIT,2015,3743
889,SIRNAMANAH,2015,2084
890,DEPOK,2015,6809
891,LEGOKSARI,2015,2218
892,MEKARSARI,2015,4986
893,GUNUNGHEJO,2015,3068
894,DARANGDAN,2015,6863
895,SADARKARYA,2015,2837
896,LINGGAMUKTI,2015,3032
897,CILINGGA,2015,4535
898,NAGRAK,2015,6890
899,TEGALDATAR,2015,4737
900,SINARGALIH,2015,5252
901,CITAMIANG,2015,3623
902,CIJATI,2015,2241
903,GUNUNGKARUNG,2015,3791
904,PASIRJAMBU,2015,2939
905,CIRAMAHILIR,2015,2991
906,SUKAMUKTI,2015,2738
907,SUKAHAJI,2015,2617
908,KAROYA,2015,4685
909,CADASSARI,2015,2746
910,CADASMEKAR,2015,3846
911,CITALANG,2015,4317
912,BATUTUMPANG,2015,4973
913,TEGALWARU,2015,2842
914,TEGALSARI,2015,2842
915,WARUNGJERUK,2015,4205
916,GALUMPIT,2015,2476
917,CISARUA,2015,4744
918,SUKAMULYA,2015,5537
919,PASANGGRAHAN,2015,3168
920,RAWASARI,2015,3500
921,GANDASOLI,2015,3773
922,GANDAMEKAR,2015,3357
923,CIBOGOHILIR,2015,6724
924,PALINGGIHAN,2015,4721
925,BABAKAN SARI,2015,3128
926,P L E R E D,2015,5610
927,SINDANGSARI,2015,5569
928,CITEKO,2015,4904
929,CITEKOKALER,2015,3509
930,LINGGARSARI,2015,4827
931,PAMOYANAN,2015,7034
932,LIUNGGUNUNG,2015,6327
933,ANJUN,2015,5525
934,CIBOGO GIRANG,2015,7307
935,SEMPUR,2015,5453
936,CIANTING,2015,5311
937,PASIRMUNJUL,2015,3582
938,CIBODAS,2015,4077
939,CIANTING UTARA,2015,3032
940,SUKATANI,2015,12357
941,MALANGNENGAH,2015,5465
942,CILALAWI,2015,4821
943,SUKAMAJU,2015,3409
944,CIPICUNG,2015,3246
945,TAJURSINDANG,2015,6708
946,SINDANGLAYA,2015,3994
947,PANYINDANGAN,2015,5462
948,SUKAJAYA,2015,4923
949,CIJANTUNG,2015,4191
950,CIWANGI,2015,12275
951,CIBENING,2015,10578
952,BUNGURSARI,2015,3361
953,CIBUNGUR,2015,3439
954,DANGDEUR,2015,2150
955,WANAKERTA,2015,4123
956,CINANGKA,2015,3963
957,CIKOPO,2015,7379
958,KARANGMUKTI,2015,2716
959,CIBODAS,2015,6854
960,NANGERANG,2016,2086
961,SIMPANG,2016,1896
962,SAKAMBANG,2016,1583
963,NAGROG,2016,2417
964,CIBUNTU,2016,1574
965,SUMURUGUL,2016,1725
966,RAHARJA,2016,1384
967,WANAYASA,2016,5217
968,BABAKAN,2016,3860
969,WANASARI,2016,3789
970,LEGOKHUNI,2016,2958
971,CIAWI,2016,2967
972,SUKADAMI,2016,3616
973,TARINGGUL TONGGOH,2016,3617
974,TARINGGUL TENGAH,2016,3211
975,JATIMEKAR,2016,3938
976,CIKAOBANDUNG,2016,5147
977,JATILUHUR,2016,3743
978,CILEGONG,2016,5378
979,KEMBANGKUNING,2016,9794
980,CIBINONG,2016,4692
981,PARAKANLIMA,2016,5844
982,CISALADA,2016,6855
983,MEKARGALIH,2016,9280
984,BUNDER,2016,12368
985,PUSAKAMULYA,2016,4488
986,PARAKAN GAROKGEK,2016,3007
987,CIRACAS,2016,2787
988,KIARAPEDES,2016,2869
989,CIBEBER,2016,2145
990,SUMBERSARI,2016,1868
991,MEKARJAYA,2016,2551
992,MARGALUYU,2016,2637
993,GARDU,2016,2133
994,TARINGGUL LANDEUH,2016,2057
995,PARUNGBANTENG,2016,3201
996,SUKASARI,2016,2631
997,CIRIRIP,2016,3370
998,KERTAMANAH,2016,2800
999,KUTAMANAH,2016,3264
1000,CIBINGBIN,2016,4745
1001,BOJONG TIMUR,2016,3952
1002,PASANGGRAHAN,2016,2354
1003,CIHANJAWAR,2016,2344
1004,CIKERIS,2016,2829
1005,BOJONG BARAT,2016,3309
1006,PANGKALAN,2016,2567
1007,SUKAMANAH,2016,2712
1008,PAWENANG,2016,2872
1009,SINDANGSARI,2016,3184
1010,SINDANGPANON,2016,6099
1011,CIPEUNDEUY,2016,4556
1012,CILEUNCA,2016,3720
1013,KERTASARI,2016,4210
1014,SINDANGKASIH,2016,17998
1015,NAGERI KIDUL,2016,14244
1016,NAGERI TENGAH,2016,12758
1017,CIPAISAN,2016,8605
1018,NAGERI KALER,2016,21078
1019,TEGALMUNJUL,2016,12163
1020,CITALANG,2016,6821
1021,MUNJULJAYA,2016,17359
1022,CISEUREUH,2016,26701
1023,PURWAMEKAR,2016,6883
1024,MARACANG,2016,5309
1025,CIWARENG,2016,8312
1026,MULYAMEKAR,2016,10068
1027,CIGELAM,2016,6077
1028,BABAKANCIKAO,2016,4147
1029,KADUMEKAR,2016,1902
1030,HEGARMANAH,2016,3085
1031,CICADAS,2016,5647
1032,CILANGKAP,2016,5904
1033,BUNGUR JAYA,2016,2127
1034,PONDOKBUNGUR,2016,3361
1035,SALEM,2016,3932
1036,GALUDRA,2016,1396
1037,SUKAJADI,2016,2858
1038,TANJUNGSARI,2016,4518
1039,SALAM JAYA,2016,3375
1040,SITU,2016,2546
1041,PARAKANSALAM,2016,1640
1042,SALAM MULYA,2016,3219
1043,GURUDUG,2016,2587
1044,CIHERANG,2016,4127
1045,CIDAHU,2016,1674
1046,PASAWAHAN ANYAR,2016,1967
1047,PASAWAHANKIDUL,2016,3431
1048,SAWAH KULON,2016,5494
1049,KERTAJAYA,2016,4760
1050,LEBAKANYAR,2016,5768
1051,CIHUNI,2016,2699
1052,WARUNGKADU,2016,2455
1053,SELAAWI,2016,4645
1054,MARGASARI,2016,3757
1055,PASAWAHAN,2016,4369
1056,CIRENDE,2016,2048
1057,BENTENG,2016,3121
1058,CAMPAKA,2016,4089
1059,CAMPAKASARI,2016,5596
1060,CIJUNTI,2016,4786
1061,CISAAT,2016,3695
1062,CIMAHI,2016,5735
1063,CIKUMPAY,2016,6283
1064,CIJAYA,2016,4852
1065,KERTAMUKTI,2016,3574
1066,WANAWALI,2016,1684
1067,CIKADU,2016,2250
1068,CIBUKAMANAH,2016,2057
1069,CIRANGKONG,2016,3271
1070,CIPANCUR,2016,1854
1071,CIPINANG,2016,4088
1072,CIPARUNGSARI,2016,3093
1073,KARYAMEKAR,2016,3396
1074,CIBATU,2016,2696
1075,CILANDAK,2016,5212
1076,PASIRANGIN,2016,5596
1077,NANGEWER,2016,6273
1078,NEGLASARI,2016,4114
1079,LINGGASARI,2016,4132
1080,SAWIT,2016,3894
1081,SIRNAMANAH,2016,1976
1082,DEPOK,2016,6820
1083,LEGOKSARI,2016,2236
1084,MEKARSARI,2016,5078
1085,GUNUNGHEJO,2016,3099
1086,DARANGDAN,2016,6938
1087,SADARKARYA,2016,2868
1088,LINGGAMUKTI,2016,2994
1089,CILINGGA,2016,4224
1090,NAGRAK,2016,6935
1091,TEGALDATAR,2016,5283
1092,SINARGALIH,2016,5882
1093,CITAMIANG,2016,3808
1094,CIJATI,2016,2396
1095,GUNUNGKARUNG,2016,4139
1096,PASIRJAMBU,2016,3508
1097,CIRAMAHILIR,2016,3261
1098,SUKAMUKTI,2016,2968
1099,SUKAHAJI,2016,2686
1100,KAROYA,2016,4814
1101,CADASSARI,2016,2918
1102,CADASMEKAR,2016,4080
1103,CITALANG,2016,4675
1104,BATUTUMPANG,2016,5646
1105,TEGALWARU,2016,2849
1106,TEGALSARI,2016,2484
1107,WARUNGJERUK,2016,4818
1108,GALUMPIT,2016,2638
1109,CISARUA,2016,4575
1110,SUKAMULYA,2016,5665
1111,PASANGGRAHAN,2016,3210
1112,RAWASARI,2016,3500
1113,GANDASOLI,2016,3773
1114,GANDAMEKAR,2016,3357
1115,CIBOGOHILIR,2016,6724
1116,PALINGGIHAN,2016,4721
1117,BABAKAN SARI,2016,3128
1118,P L E R E D,2016,5610
1119,SINDANGSARI,2016,5569
1120,CITEKO,2016,4904
1121,CITEKOKALER,2016,3509
1122,LINGGARSARI,2016,4827
1123,PAMOYANAN,2016,7034
1124,LIUNGGUNUNG,2016,6327
1125,ANJUN,2016,5525
1126,CIBOGO GIRANG,2016,7307
1127,SEMPUR,2016,5453
1128,CIANTING,2016,5349
1129,PASIRMUNJUL,2016,3600
1130,CIBODAS,2016,4097
1131,CIANTING UTARA,2016,3039
1132,SUKATANI,2016,12387
1133,MALANGNENGAH,2016,5488
1134,CILALAWI,2016,4838
1135,SUKAMAJU,2016,3421
1136,CIPICUNG,2016,3256
1137,TAJURSINDANG,2016,6741
1138,SINDANGLAYA,2016,4018
1139,PANYINDANGAN,2016,5484
1140,SUKAJAYA,2016,4940
1141,CIJANTUNG,2016,4225
1142,CIWANGI,2016,12828
1143,CIBENING,2016,11067
1144,BUNGURSARI,2016,3361
1145,CIBUNGUR,2016,3525
1146,DANGDEUR,2016,2289
1147,WANAKERTA,2016,3911
1148,CINANGKA,2016,3963
1149,CIKOPO,2016,7710
1150,KARANGMUKTI,2016,2716
1151,CIBODAS,2016,6854
1152,NANGERANG,2017,2086
1153,SIMPANG,2017,1896
1154,SAKAMBANG,2017,1583
1155,NAGROG,2017,2417
1156,CIBUNTU,2017,1574
1157,SUMURUGUL,2017,1725
1158,RAHARJA,2017,1384
1159,WANAYASA,2017,5217
1160,BABAKAN,2017,3860
1161,WANASARI,2017,3789
1162,LEGOKHUNI,2017,2958
1163,CIAWI,2017,2967
1164,SUKADAMI,2017,3616
1165,TARINGGUL TONGGOH,2017,3617
1166,TARINGGUL TENGAH,2017,3211
1167,JATIMEKAR,2017,4446
1168,CIKAOBANDUNG,2017,6532
1169,JATILUHUR,2017,4459
1170,CILEGONG,2017,5531
1171,KEMBANGKUNING,2017,12195
1172,CIBINONG,2017,5531
1173,PARAKANLIMA,2017,6821
1174,CISALADA,2017,7912
1175,MEKARGALIH,2017,11006
1176,BUNDER,2017,13680
1177,PUSAKAMULYA,2017,4508
1178,PARAKAN GAROKGEK,2017,3002
1179,CIRACAS,2017,2855
1180,KIARAPEDES,2017,2908
1181,CIBEBER,2017,2068
1182,SUMBERSARI,2017,1824
1183,MEKARJAYA,2017,2548
1184,MARGALUYU,2017,2676
1185,GARDU,2017,1934
1186,TARINGGUL LANDEUH,2017,2083
1187,PARUNGBANTENG,2017,3901
1188,SUKASARI,2017,3545
1189,CIRIRIP,2017,4010
1190,KERTAMANAH,2017,3248
1191,KUTAMANAH,2017,3514
1192,CIBINGBIN,2017,3434
1193,BOJONG TIMUR,2017,3792
1194,PASANGGRAHAN,2017,2333
1195,CIHANJAWAR,2017,2343
1196,CIKERIS,2017,2820
1197,BOJONG BARAT,2017,3289
1198,PANGKALAN,2017,2663
1199,SUKAMANAH,2017,2720
1200,PAWENANG,2017,2872
1201,SINDANGSARI,2017,3329
1202,SINDANGPANON,2017,6114
1203,CIPEUNDEUY,2017,4562
1204,CILEUNCA,2017,3753
1205,KERTASARI,2017,4454
1206,SINDANGKASIH,2017,19199
1207,NAGERI KIDUL,2017,15003
1208,NAGERI TENGAH,2017,12975
1209,CIPAISAN,2017,8159
1210,NAGERI KALER,2017,21293
1211,TEGALMUNJUL,2017,14266
1212,CITALANG,2017,9637
1213,MUNJULJAYA,2017,19761
1214,CISEUREUH,2017,36401
1215,PURWAMEKAR,2017,9308
1216,MARACANG,2017,5513
1217,CIWARENG,2017,8548
1218,MULYAMEKAR,2017,10213
1219,CIGELAM,2017,6467
1220,BABAKANCIKAO,2017,4071
1221,KADUMEKAR,2017,1902
1222,HEGARMANAH,2017,2887
1223,CICADAS,2017,4719
1224,CILANGKAP,2017,6162
1225,BUNGUR JAYA,2017,2126
1226,PONDOKBUNGUR,2017,3361
1227,SALEM,2017,2719
1228,GALUDRA,2017,1396
1229,SUKAJADI,2017,2857
1230,TANJUNGSARI,2017,4459
1231,SALAM JAYA,2017,3375
1232,SITU,2017,2546
1233,PARAKANSALAM,2017,1639
1234,SALAM MULYA,2017,3272
1235,GURUDUG,2017,2586
1236,CIHERANG,2017,4127
1237,CIDAHU,2017,1674
1238,PASAWAHAN ANYAR,2017,1967
1239,PASAWAHANKIDUL,2017,3431
1240,SAWAH KULON,2017,5675
1241,KERTAJAYA,2017,4760
1242,LEBAKANYAR,2017,5768
1243,CIHUNI,2017,2699
1244,WARUNGKADU,2017,2455
1245,SELAAWI,2017,4645
1246,MARGASARI,2017,3757
1247,PASAWAHAN,2017,4369
1248,CIRENDE,2017,2078
1249,BENTENG,2017,2988
1250,CAMPAKA,2017,4104
1251,CAMPAKASARI,2017,5280
1252,CIJUNTI,2017,5706
1253,CISAAT,2017,3699
1254,CIMAHI,2017,5812
1255,CIKUMPAY,2017,6508
1256,CIJAYA,2017,4501
1257,KERTAMUKTI,2017,3785
1258,WANAWALI,2017,1588
1259,CIKADU,2017,2102
1260,CIBUKAMANAH,2017,2057
1261,CIRANGKONG,2017,3150
1262,CIPANCUR,2017,1639
1263,CIPINANG,2017,4088
1264,CIPARUNGSARI,2017,2997
1265,KARYAMEKAR,2017,2960
1266,CIBATU,2017,2696
1267,CILANDAK,2017,3924
1268,PASIRANGIN,2017,5753
1269,NANGEWER,2017,6395
1270,NEGLASARI,2017,4101
1271,LINGGASARI,2017,4144
1272,SAWIT,2017,3903
1273,SIRNAMANAH,2017,2041
1274,DEPOK,2017,6862
1275,LEGOKSARI,2017,2240
1276,MEKARSARI,2017,5026
1277,GUNUNGHEJO,2017,3129
1278,DARANGDAN,2017,6956
1279,SADARKARYA,2017,2906
1280,LINGGAMUKTI,2017,2996
1281,CILINGGA,2017,4589
1282,NAGRAK,2017,6957
1283,TEGALDATAR,2017,5300
1284,SINARGALIH,2017,5593
1285,CITAMIANG,2017,3912
1286,CIJATI,2017,2570
1287,GUNUNGKARUNG,2017,4478
1288,PASIRJAMBU,2017,3838
1289,CIRAMAHILIR,2017,3738
1290,SUKAMUKTI,2017,2968
1291,SUKAHAJI,2017,2690
1292,KAROYA,2017,5015
1293,CADASSARI,2017,2711
1294,CADASMEKAR,2017,4082
1295,CITALANG,2017,4886
1296,BATUTUMPANG,2017,5665
1297,TEGALWARU,2017,2882
1298,TEGALSARI,2017,2518
1299,WARUNGJERUK,2017,4783
1300,GALUMPIT,2017,2719
1301,CISARUA,2017,4616
1302,SUKAMULYA,2017,5682
1303,PASANGGRAHAN,2017,3235
1304,RAWASARI,2017,2811
1305,GANDASOLI,2017,3783
1306,GANDAMEKAR,2017,3448
1307,CIBOGOHILIR,2017,7644
1308,PALINGGIHAN,2017,5218
1309,BABAKAN SARI,2017,3386
1310,P L E R E D,2017,4793
1311,SINDANGSARI,2017,5150
1312,CITEKO,2017,4437
1313,CITEKOKALER,2017,3787
1314,LINGGARSARI,2017,4420
1315,PAMOYANAN,2017,5944
1316,LIUNGGUNUNG,2017,6179
1317,ANJUN,2017,5781
1318,CIBOGO GIRANG,2017,8625
1319,SEMPUR,2017,5196
1320,CIANTING,2017,5457
1321,PASIRMUNJUL,2017,3612
1322,CIBODAS,2017,4097
1323,CIANTING UTARA,2017,3056
1324,SUKATANI,2017,12423
1325,MALANGNENGAH,2017,5494
1326,CILALAWI,2017,4882
1327,SUKAMAJU,2017,3429
1328,CIPICUNG,2017,3270
1329,TAJURSINDANG,2017,6751
1330,SINDANGLAYA,2017,4058
1331,PANYINDANGAN,2017,5496
1332,SUKAJAYA,2017,4970
1333,CIJANTUNG,2017,4226
1334,CIWANGI,2017,14728
1335,CIBENING,2017,11837
1336,BUNGURSARI,2017,3871
1337,CIBUNGUR,2017,3815
1338,DANGDEUR,2017,2291
1339,WANAKERTA,2017,4124
1340,CINANGKA,2017,4473
1341,CIKOPO,2017,7787
1342,KARANGMUKTI,2017,3076
1343,CIBODAS,2017,7255
1344,NANGERANG,2018,2044
1345,SIMPANG,2018,1925
1346,SAKAMBANG,2018,1498
1347,NAGROG,2018,2415
1348,CIBUNTU,2018,1571
1349,SUMURUGUL,2018,1719
1350,RAHARJA,2018,1440
1351,WANAYASA,2018,5191
1352,BABAKAN,2018,3496
1353,WANASARI,2018,3431
1354,LEGOKHUNI,2018,2621
1355,CIAWI,2018,2909
1356,SUKADAMI,2018,3461
1357,TARINGGUL TONGGOH,2018,3520
1358,TARINGGUL TENGAH,2018,3569
1359,JATIMEKAR,2018,3756
1360,CIKAOBANDUNG,2018,5704
1361,JATILUHUR,2018,4060
1362,CILEGONG,2018,5658
1363,KEMBANGKUNING,2018,10531
1364,CIBINONG,2018,4908
1365,PARAKANLIMA,2018,5967
1366,CISALADA,2018,6458
1367,MEKARGALIH,2018,9154
1368,BUNDER,2018,11689
1369,PUSAKAMULYA,2018,4436
1370,PARAKAN GAROKGEK,2018,3182
1371,CIRACAS,2018,2829
1372,KIARAPEDES,2018,2979
1373,CIBEBER,2018,2175
1374,SUMBERSARI,2018,1806
1375,MEKARJAYA,2018,2497
1376,MARGALUYU,2018,2666
1377,GARDU,2018,2038
1378,TARINGGUL LANDEUH,2018,1932
1379,PARUNGBANTENG,2018,2627
1380,SUKASARI,2018,3545
1381,CIRIRIP,2018,3841
1382,KERTAMANAH,2018,2800
1383,KUTAMANAH,2018,3244
1384,CIBINGBIN,2018,4648
1385,BOJONG TIMUR,2018,4082
1386,PASANGGRAHAN,2018,2388
1387,CIHANJAWAR,2018,2274
1388,CIKERIS,2018,2726
1389,BOJONG BARAT,2018,3491
1390,PANGKALAN,2018,2432
1391,SUKAMANAH,2018,2760
1392,PAWENANG,2018,2800
1393,SINDANGSARI,2018,3100
1394,SINDANGPANON,2018,5578
1395,CIPEUNDEUY,2018,4212
1396,CILEUNCA,2018,3520
1397,KERTASARI,2018,4409
1398,SINDANGKASIH,2018,19199
1399,NAGERI KIDUL,2018,15108
1400,NAGERI TENGAH,2018,10830
1401,CIPAISAN,2018,11884
1402,NAGERI KALER,2018,24217
1403,TEGALMUNJUL,2018,14266
1404,CITALANG,2018,9637
1405,MUNJULJAYA,2018,19761
1406,CISEUREUH,2018,36401
1407,PURWAMEKAR,2018,9308
1408,MARACANG,2018,7982
1409,CIWARENG,2018,8650
1410,MULYAMEKAR,2018,8932
1411,CIGELAM,2018,5954
1412,BABAKANCIKAO,2018,4561
1413,KADUMEKAR,2018,1824
1414,HEGARMANAH,2018,3065
1415,CICADAS,2018,5505
1416,CILANGKAP,2018,6266
1417,BUNGUR JAYA,2018,1967
1418,PONDOKBUNGUR,2018,2917
1419,SALEM,2018,3187
1420,GALUDRA,2018,1322
1421,SUKAJADI,2018,2590
1422,TANJUNGSARI,2018,4559
1423,SALAM JAYA,2018,2599
1424,SITU,2018,2325
1425,PARAKANSALAM,2018,1639
1426,SALAM MULYA,2018,3317
1427,GURUDUG,2018,2469
1428,CIHERANG,2018,3917
1429,CIDAHU,2018,1597
1430,PASAWAHAN ANYAR,2018,1912
1431,PASAWAHANKIDUL,2018,3458
1432,SAWAH KULON,2018,4862
1433,KERTAJAYA,2018,4597
1434,LEBAKANYAR,2018,5142
1435,CIHUNI,2018,3621
1436,WARUNGKADU,2018,2606
1437,SELAAWI,2018,4727
1438,MARGASARI,2018,4032
1439,PASAWAHAN,2018,5176
1440,CIRENDE,2018,2035
1441,BENTENG,2018,2945
1442,CAMPAKA,2018,4246
1443,CAMPAKASARI,2018,5280
1444,CIJUNTI,2018,5027
1445,CISAAT,2018,3990
1446,CIMAHI,2018,5325
1447,CIKUMPAY,2018,6185
1448,CIJAYA,2018,4501
1449,KERTAMUKTI,2018,4065
1450,WANAWALI,2018,1631
1451,CIKADU,2018,2209
1452,CIBUKAMANAH,2018,2083
1453,CIRANGKONG,2018,3266
1454,CIPANCUR,2018,1718
1455,CIPINANG,2018,4647
1456,CIPARUNGSARI,2018,3238
1457,KARYAMEKAR,2018,3163
1458,CIBATU,2018,3053
1459,CILANDAK,2018,4884
1460,PASIRANGIN,2018,5753
1461,NANGEWER,2018,6395
1462,NEGLASARI,2018,4101
1463,LINGGASARI,2018,4144
1464,SAWIT,2018,3903
1465,SIRNAMANAH,2018,2041
1466,DEPOK,2018,6862
1467,LEGOKSARI,2018,2240
1468,MEKARSARI,2018,5026
1469,GUNUNGHEJO,2018,3129
1470,DARANGDAN,2018,6956
1471,SADARKARYA,2018,2906
1472,LINGGAMUKTI,2018,2996
1473,CILINGGA,2018,4589
1474,NAGRAK,2018,6957
1475,TEGALDATAR,2018,5697
1476,SINARGALIH,2018,6305
1477,CITAMIANG,2018,3997
1478,CIJATI,2018,2540
1479,GUNUNGKARUNG,2018,4329
1480,PASIRJAMBU,2018,3727
1481,CIRAMAHILIR,2018,3353
1482,SUKAMUKTI,2018,3030
1483,SUKAHAJI,2018,2748
1484,KAROYA,2018,4709
1485,CADASSARI,2018,2786
1486,CADASMEKAR,2018,3225
1487,CITALANG,2018,4676
1488,BATUTUMPANG,2018,2288
1489,TEGALWARU,2018,2780
1490,TEGALSARI,2018,2633
1491,WARUNGJERUK,2018,4620
1492,GALUMPIT,2018,2691
1493,CISARUA,2018,4401
1494,SUKAMULYA,2018,5581
1495,PASANGGRAHAN,2018,3043
1496,RAWASARI,2018,3148
1497,GANDASOLI,2018,3489
1498,GANDAMEKAR,2018,3311
1499,CIBOGOHILIR,2018,6949
1500,PALINGGIHAN,2018,5083
1501,BABAKAN SARI,2018,3038
1502,P L E R E D,2018,5010
1503,SINDANGSARI,2018,5337
1504,CITEKO,2018,4906
1505,CITEKOKALER,2018,3611
1506,LINGGARSARI,2018,4315
1507,PAMOYANAN,2018,5885
1508,LIUNGGUNUNG,2018,5819
1509,ANJUN,2018,4616
1510,CIBOGO GIRANG,2018,7528
1511,SEMPUR,2018,5273
1512,CIANTING,2018,6772
1513,PASIRMUNJUL,2018,3270
1514,CIBODAS,2018,4047
1515,CIANTING UTARA,2018,2894
1516,SUKATANI,2018,12387
1517,MALANGNENGAH,2018,5174
1518,CILALAWI,2018,4290
1519,SUKAMAJU,2018,3527
1520,CIPICUNG,2018,3125
1521,TAJURSINDANG,2018,5365
1522,SINDANGLAYA,2018,3892
1523,PANYINDANGAN,2018,5936
1524,SUKAJAYA,2018,5077
1525,CIJANTUNG,2018,4608
1526,CIWANGI,2018,10253
1527,CIBENING,2018,10927
1528,BUNGURSARI,2018,3422
1529,CIBUNGUR,2018,3485
1530,DANGDEUR,2018,2149
1531,WANAKERTA,2018,3726
1532,CINANGKA,2018,3692
1533,CIKOPO,2018,6922
1534,KARANGMUKTI,2018,2615
1535,CIBODAS,2018,5991
1536,NANGERANG,2019,2097
1537,SIMPANG,2019,1891
1538,SAKAMBANG,2019,1592
1539,NAGROG,2019,2429
1540,CIBUNTU,2019,1622
1541,SUMURUGUL,2019,1710
1542,RAHARJA,2019,1469
1543,WANAYASA,2019,5204
1544,BABAKAN,2019,3853
1545,WANASARI,2019,3684
1546,LEGOKHUNI,2019,2553
1547,CIAWI,2019,3122
1548,SUKADAMI,2019,3569
1549,TARINGGUL TONGGOH,2019,3731
1550,TARINGGUL TENGAH,2019,3508
1551,JATIMEKAR,2019,3908
1552,CIKAOBANDUNG,2019,5259
1553,JATILUHUR,2019,3743
1554,CILEGONG,2019,5333
1555,KEMBANGKUNING,2019,9545
1556,CIBINONG,2019,4771
1557,PARAKANLIMA,2019,5611
1558,CISALADA,2019,7019
1559,MEKARGALIH,2019,9295
1560,BUNDER,2019,12207
1561,PUSAKAMULYA,2019,4457
1562,PARAKAN GAROKGEK,2019,2940
1563,CIRACAS,2019,2916
1564,KIARAPEDES,2019,2894
1565,CIBEBER,2019,2164
1566,SUMBERSARI,2019,1774
1567,MEKARJAYA,2019,2549
1568,MARGALUYU,2019,2735
1569,GARDU,2019,2118
1570,TARINGGUL LANDEUH,2019,2141
1571,PARUNGBANTENG,2019,2664
1572,SUKASARI,2019,3545
1573,CIRIRIP,2019,4296
1574,KERTAMANAH,2019,2109
1575,KUTAMANAH,2019,3489
1576,CIBINGBIN,2019,5060
1577,BOJONG TIMUR,2019,4149
1578,PASANGGRAHAN,2019,2189
1579,CIHANJAWAR,2019,2041
1580,CIKERIS,2019,2681
1581,BOJONG BARAT,2019,3488
1582,PANGKALAN,2019,2467
1583,SUKAMANAH,2019,2853
1584,PAWENANG,2019,2788
1585,SINDANGSARI,2019,3067
1586,SINDANGPANON,2019,5560
1587,CIPEUNDEUY,2019,4210
1588,CILEUNCA,2019,3414
1589,KERTASARI,2019,3965
1590,SINDANGKASIH,2019,20127
1591,NAGERI KIDUL,2019,14267
1592,NAGERI TENGAH,2019,12599
1593,CIPAISAN,2019,7909
1594,NAGERI KALER,2019,21293
1595,TEGALMUNJUL,2019,13115
1596,CITALANG,2019,9492
1597,MUNJULJAYA,2019,16426
1598,CISEUREUH,2019,34238
1599,PURWAMEKAR,2019,9750
1600,MARACANG,2019,7982
1601,CIWARENG,2019,8650
1602,MULYAMEKAR,2019,8932
1603,CIGELAM,2019,5954
1604,BABAKANCIKAO,2019,4561
1605,KADUMEKAR,2019,1824
1606,HEGARMANAH,2019,3065
1607,CICADAS,2019,5505
1608,CILANGKAP,2019,6266
1609,BUNGUR JAYA,2019,1445
1610,PONDOKBUNGUR,2019,2404
1611,SALEM,2019,2482
1612,GALUDRA,2019,623
1613,SUKAJADI,2019,6210
1614,TANJUNGSARI,2019,3905
1615,SALAM JAYA,2019,2214
1616,SITU,2019,1879
1617,PARAKANSALAM,2019,1378
1618,SALAM MULYA,2019,2770
1619,GURUDUG,2019,2159
1620,CIHERANG,2019,4186
1621,CIDAHU,2019,1664
1622,PASAWAHAN ANYAR,2019,2054
1623,PASAWAHANKIDUL,2019,3359
1624,SAWAH KULON,2019,5491
1625,KERTAJAYA,2019,4151
1626,LEBAKANYAR,2019,5779
1627,CIHUNI,2019,3549
1628,WARUNGKADU,2019,2642
1629,SELAAWI,2019,4659
1630,MARGASARI,2019,4610
1631,PASAWAHAN,2019,5168
1632,CIRENDE,2019,2204
1633,BENTENG,2019,3066
1634,CAMPAKA,2019,4114
1635,CAMPAKASARI,2019,4971
1636,CIJUNTI,2019,5763
1637,CISAAT,2019,3750
1638,CIMAHI,2019,5837
1639,CIKUMPAY,2019,7531
1640,CIJAYA,2019,4847
1641,KERTAMUKTI,2019,3760
1642,WANAWALI,2019,1684
1643,CIKADU,2019,2267
1644,CIBUKAMANAH,2019,2210
1645,CIRANGKONG,2019,3228
1646,CIPANCUR,2019,1905
1647,CIPINANG,2019,5065
1648,CIPARUNGSARI,2019,3120
1649,KARYAMEKAR,2019,3376
1650,CIBATU,2019,3588
1651,CILANDAK,2019,5466
1652,PASIRANGIN,2019,5713
1653,NANGEWER,2019,6675
1654,NEGLASARI,2019,4739
1655,LINGGASARI,2019,4287
1656,SAWIT,2019,4095
1657,SIRNAMANAH,2019,2099
1658,DEPOK,2019,7063
1659,LEGOKSARI,2019,2244
1660,MEKARSARI,2019,5039
1661,GUNUNGHEJO,2019,3247
1662,DARANGDAN,2019,7012
1663,SADARKARYA,2019,3024
1664,LINGGAMUKTI,2019,2899
1665,CILINGGA,2019,4525
1666,NAGRAK,2019,7056
1667,TEGALDATAR,2019,6672
1668,SINARGALIH,2019,5544
1669,CITAMIANG,2019,4128
1670,CIJATI,2019,2624
1671,GUNUNGKARUNG,2019,4961
1672,PASIRJAMBU,2019,4027
1673,CIRAMAHILIR,2019,3766
1674,SUKAMUKTI,2019,3685
1675,SUKAHAJI,2019,2669
1676,KAROYA,2019,5068
1677,CADASSARI,2019,2745
1678,CADASMEKAR,2019,4030
1679,CITALANG,2019,4949
1680,BATUTUMPANG,2019,5594
1681,TEGALWARU,2019,2832
1682,TEGALSARI,2019,2672
1683,WARUNGJERUK,2019,4824
1684,GALUMPIT,2019,2588
1685,CISARUA,2019,4816
1686,SUKAMULYA,2019,5662
1687,PASANGGRAHAN,2019,3235
1688,RAWASARI,2019,2810
1689,GANDASOLI,2019,3250
1690,GANDAMEKAR,2019,3324
1691,CIBOGOHILIR,2019,7094
1692,PALINGGIHAN,2019,5390
1693,BABAKAN SARI,2019,3435
1694,P L E R E D,2019,5048
1695,SINDANGSARI,2019,5413
1696,CITEKO,2019,4805
1697,CITEKOKALER,2019,3961
1698,LINGGARSARI,2019,4578
1699,PAMOYANAN,2019,5786
1700,LIUNGGUNUNG,2019,6356
1701,ANJUN,2019,4225
1702,CIBOGO GIRANG,2019,7509
1703,SEMPUR,2019,5378
1704,CIANTING,2019,6614
1705,PASIRMUNJUL,2019,2914
1706,CIBODAS,2019,3759
1707,CIANTING UTARA,2019,3030
1708,SUKATANI,2019,12362
1709,MALANGNENGAH,2019,5032
1710,CILALAWI,2019,4177
1711,SUKAMAJU,2019,3097
1712,CIPICUNG,2019,3125
1713,TAJURSINDANG,2019,4997
1714,SINDANGLAYA,2019,4333
1715,PANYINDANGAN,2019,6703
1716,SUKAJAYA,2019,5105
1717,CIJANTUNG,2019,4864
1718,CIWANGI,2019,13182
1719,CIBENING,2019,12898
1720,BUNGURSARI,2019,3865
1721,CIBUNGUR,2019,3439
1722,DANGDEUR,2019,2426
1723,WANAKERTA,2019,3588
1724,CINANGKA,2019,3504
1725,CIKOPO,2019,7808
1726,KARANGMUKTI,2019,2945
1727,CIBODAS,2019,6847
1728,NANGERANG,2020,2144
1729,SIMPANG,2020,2020
1730,SAKAMBANG,2020,1567
1731,NAGROG,2020,2580
1732,CIBUNTU,2020,1642
1733,SUMURUGUL,2020,1676
1734,RAHARJA,2020,1500
1735,WANAYASA,2020,5573
1736,BABAKAN,2020,3726
1737,WANASARI,2020,3673
1738,LEGOKHUNI,2020,2771
1739,CIAWI,2020,3064
1740,SUKADAMI,2020,3733
1741,TARINGGUL TONGGOH,2020,3808
1742,TARINGGUL TENGAH,2020,3826
1743,JATIMEKAR,2020,3810
1744,CIKAOBANDUNG,2020,6057
1745,JATILUHUR,2020,4167
1746,CILEGONG,2020,5899
1747,KEMBANGKUNING,2020,10968
1748,CIBINONG,2020,5027
1749,PARAKANLIMA,2020,6124
1750,CISALADA,2020,6563
1751,MEKARGALIH,2020,9258
1752,BUNDER,2020,12065
1753,PUSAKAMULYA,2020,4647
1754,PARAKAN GAROKGEK,2020,3262
1755,CIRACAS,2020,2855
1756,KIARAPEDES,2020,3102
1757,CIBEBER,2020,2037
1758,SUMBERSARI,2020,1926
1759,MEKARJAYA,2020,2040
1760,MARGALUYU,2020,2585
1761,GARDU,2020,2846
1762,TARINGGUL LANDEUH,2020,2295
1763,PARUNGBANTENG,2020,2609
1764,SUKASARI,2020,3339
1765,CIRIRIP,2020,3354
1766,KERTAMANAH,2020,2778
1767,KUTAMANAH,2020,3815
1768,CIBINGBIN,2020,4701
1769,BOJONG TIMUR,2020,4198
1770,PASANGGRAHAN,2020,2361
1771,CIHANJAWAR,2020,2332
1772,CIKERIS,2020,2801
1773,BOJONG BARAT,2020,3458
1774,PANGKALAN,2020,2416
1775,SUKAMANAH,2020,2879
1776,PAWENANG,2020,2860
1777,SINDANGSARI,2020,3228
1778,SINDANGPANON,2020,5682
1779,CIPEUNDEUY,2020,4349
1780,CILEUNCA,2020,3541
1781,KERTASARI,2020,4443
1782,SINDANGKASIH,2020,19756
1783,NAGERI KIDUL,2020,15262
1784,NAGERI TENGAH,2020,11031
1785,CIPAISAN,2020,12106
1786,NAGERI KALER,2020,24376
1787,TEGALMUNJUL,2020,14622
1788,CITALANG,2020,10385
1789,MUNJULJAYA,2020,20375
1790,CISEUREUH,2020,37262
1791,PURWAMEKAR,2020,9565
1792,MARACANG,2020,8483
1793,CIWARENG,2020,9205
1794,MULYAMEKAR,2020,9371
1795,CIGELAM,2020,6547
1796,BABAKANCIKAO,2020,4843
1797,KADUMEKAR,2020,2161
1798,HEGARMANAH,2020,3220
1799,CICADAS,2020,5741
1800,CILANGKAP,2020,6413
1801,BUNGUR JAYA,2020,1994
1802,PONDOKBUNGUR,2020,3031
1803,SALEM,2020,3252
1804,GALUDRA,2020,1453
1805,SUKAJADI,2020,2698
1806,TANJUNGSARI,2020,4811
1807,SALAM JAYA,2020,2693
1808,SITU,2020,2396
1809,PARAKANSALAM,2020,1702
1810,SALAM MULYA,2020,3400
1811,GURUDUG,2020,2570
1812,CIHERANG,2020,2008
1813,CIDAHU,2020,5364
1814,PASAWAHAN ANYAR,2020,4968
1815,PASAWAHANKIDUL,2020,4136
1816,SAWAH KULON,2020,1629
1817,KERTAJAYA,2020,3580
1818,LEBAKANYAR,2020,4840
1819,CIHUNI,2020,5361
1820,WARUNGKADU,2020,5048
1821,SELAAWI,2020,4303
1822,MARGASARI,2020,2672
1823,PASAWAHAN,2020,3748
1824,CIRENDE,2020,2138
1825,BENTENG,2020,3209
1826,CAMPAKA,2020,4590
1827,CAMPAKASARI,2020,5451
1828,CIJUNTI,2020,5132
1829,CISAAT,2020,4186
1830,CIMAHI,2020,5474
1831,CIKUMPAY,2020,6825
1832,CIJAYA,2020,4729
1833,KERTAMUKTI,2020,4174
1834,WANAWALI,2020,1675
1835,CIKADU,2020,2282
1836,CIBUKAMANAH,2020,2170
1837,CIRANGKONG,2020,3390
1838,CIPANCUR,2020,1785
1839,CIPINANG,2020,4916
1840,CIPARUNGSARI,2020,3428
1841,KARYAMEKAR,2020,3284
1842,CIBATU,2020,3232
1843,CILANDAK,2020,5037
1844,PASIRANGIN,2020,5436
1845,NANGEWER,2020,6326
1846,NEGLASARI,2020,4739
1847,LINGGASARI,2020,4287
1848,SAWIT,2020,4095
1849,SIRNAMANAH,2020,2081
1850,DEPOK,2020,6359
1851,LEGOKSARI,2020,2369
1852,MEKARSARI,2020,4720
1853,GUNUNGHEJO,2020,3156
1854,DARANGDAN,2020,6383
1855,SADARKARYA,2020,3448
1856,LINGGAMUKTI,2020,3245
1857,CILINGGA,2020,4859
1858,NAGRAK,2020,6884
1859,TEGALDATAR,2020,5558
1860,SINARGALIH,2020,6471
1861,CITAMIANG,2020,4074
1862,CIJATI,2020,2577
1863,GUNUNGKARUNG,2020,4344
1864,PASIRJAMBU,2020,3766
1865,CIRAMAHILIR,2020,3414
1866,SUKAMUKTI,2020,2889
1867,SUKAHAJI,2020,2902
1868,KAROYA,2020,4945
1869,CADASSARI,2020,2857
1870,CADASMEKAR,2020,3306
1871,CITALANG,2020,4940
1872,BATUTUMPANG,2020,4459
1873,TEGALWARU,2020,2928
1874,TEGALSARI,2020,2803
1875,WARUNGJERUK,2020,4908
1876,GALUMPIT,2020,2757
1877,CISARUA,2020,4547
1878,SUKAMULYA,2020,5801
1879,PASANGGRAHAN,2020,3212
1880,RAWASARI,2020,3419
1881,GANDASOLI,2020,3606
1882,GANDAMEKAR,2020,3454
1883,CIBOGOHILIR,2020,7121
1884,PALINGGIHAN,2020,5138
1885,BABAKAN SARI,2020,3112
1886,P L E R E D,2020,5018
1887,SINDANGSARI,2020,5404
1888,CITEKO,2020,5075
1889,CITEKOKALER,2020,3710
1890,LINGGARSARI,2020,4427
1891,PAMOYANAN,2020,6197
1892,LIUNGGUNUNG,2020,6012
1893,ANJUN,2020,4712
1894,CIBOGO GIRANG,2020,7578
1895,SEMPUR,2020,5364
1896,CIANTING,2020,7007
1897,PASIRMUNJUL,2020,3310
1898,CIBODAS,2020,4314
1899,CIANTING UTARA,2020,2959
1900,SUKATANI,2020,12917
1901,MALANGNENGAH,2020,5389
1902,CILALAWI,2020,4389
1903,SUKAMAJU,2020,3703
1904,CIPICUNG,2020,3227
1905,TAJURSINDANG,2020,5603
1906,SINDANGLAYA,2020,3884
1907,PANYINDANGAN,2020,5898
1908,SUKAJAYA,2020,5223
1909,CIJANTUNG,2020,4885
1910,CIWANGI,2020,10587
1911,CIBENING,2020,12277
1912,BUNGURSARI,2020,3577
1913,CIBUNGUR,2020,2298
1914,DANGDEUR,2020,3636
1915,WANAKERTA,2020,3862
1916,CINANGKA,2020,3836
1917,CIKOPO,2020,7340
1918,KARANGMUKTI,2020,2741
1919,CIBODAS,2020,6202
1920,NANGERANG,2021,2144
1921,SIMPANG,2021,2020
1922,SAKAMBANG,2021,1570
1923,NAGROG,2021,2580
1924,CIBUNTU,2021,1640
1925,SUMURUGUL,2021,1680
1926,RAHARJA,2021,1500
1927,WANAYASA,2021,5570
1928,BABAKAN,2021,3730
1929,WANASARI,2021,3670
1930,LEGOKHUNI,2021,2770
1931,CIAWI,2021,3060
1932,SUKADAMI,2021,3730
1933,TARINGGUL TONGGOH,2021,3810
1934,TARINGGUL TENGAH,2021,3830
1935,JATIMEKAR,2021,4490
1936,CIKAOBANDUNG,2021,6110
1937,JATILUHUR,2021,4520
1938,CILEGONG,2021,6090
1939,KEMBANGKUNING,2021,11910
1940,CIBINONG,2021,5170
1941,PARAKANLIMA,2021,6490
1942,CISALADA,2021,7250
1943,MEKARGALIH,2021,9540
1944,BUNDER,2021,12390
1945,PUSAKAMULYA,2021,4960
1946,PARAKAN GAROKGEK,2021,3340
1947,CIRACAS,2021,2850
1948,KIARAPEDES,2021,3100
1949,CIBEBER,2021,2350
1950,SUMBERSARI,2021,1920
1951,MEKARJAYA,2021,2650
1952,MARGALUYU,2021,2900
1953,GARDU,2021,2140
1954,TARINGGUL LANDEUH,2021,4130
1955,PARUNGBANTENG,2021,2890
1956,SUKASARI,2021,3780
1957,CIRIRIP,2021,3730
1958,KERTAMANAH,2021,2880
1959,KUTAMANAH,2021,3980
1960,CIBINGBIN,2021,5200
1961,BOJONG TIMUR,2021,4450
1962,PASANGGRAHAN,2021,2510
1963,CIHANJAWAR,2021,2410
1964,CIKERIS,2021,2940
1965,BOJONG BARAT,2021,3780
1966,PANGKALAN,2021,2580
1967,SUKAMANAH,2021,3110
1968,PAWENANG,2021,3110
1969,SINDANGSARI,2021,3420
1970,SINDANGPANON,2021,6110
1971,CIPEUNDEUY,2021,4730
1972,CILEUNCA,2021,3840
1973,KERTASARI,2021,4800
1974,SINDANGKASIH,2021,20040
1975,NAGERI KIDUL,2021,15450
1976,NAGERI TENGAH,2021,10900
1977,CIPAISAN,2021,12360
1978,NAGERI KALER,2021,24670
1979,TEGALMUNJUL,2021,14610
1980,CITALANG,2021,11320
1981,MUNJULJAYA,2021,21420
1982,CISEUREUH,2021,38370
1983,PURWAMEKAR,2021,10100
1984,MARACANG,2021,8960
1985,CIWARENG,2021,10380
1986,MULYAMEKAR,2021,10250
1987,CIGELAM,2021,7210
1988,BABAKANCIKAO,2021,5160
1989,KADUMEKAR,2021,2400
1990,HEGARMANAH,2021,3150
1991,CICADAS,2021,5840
1992,CILANGKAP,2021,6560
1993,BUNGUR JAYA,2021,2020
1994,PONDOKBUNGUR,2021,3210
1995,SALEM,2021,3470
1996,GALUDRA,2021,1530
1997,SUKAJADI,2021,2780
1998,TANJUNGSARI,2021,4830
1999,SALAM JAYA,2021,2730
2000,SITU,2021,2400
2001,PARAKANSALAM,2021,1680
2002,SALAM MULYA,2021,3400
2003,GURUDUG,2021,2680
2004,CIHERANG,2021,4180
2005,CIDAHU,2021,1760
2006,PASAWAHAN ANYAR,2021,2050
2007,PASAWAHANKIDUL,2021,3670
2008,SAWAH KULON,2021,4930
2009,KERTAJAYA,2021,5140
2010,LEBAKANYAR,2021,5680
2011,CIHUNI,2021,3910
2012,WARUNGKADU,2021,2800
2013,SELAAWI,2021,5220
2014,MARGASARI,2021,4530
2015,PASAWAHAN,2021,5590
2016,CIRENDE,2021,2130
2017,BENTENG,2021,4210
2018,CAMPAKA,2021,5030
2019,CAMPAKASARI,2021,5710
2020,CIJUNTI,2021,5420
2021,CISAAT,2021,4300
2022,CIMAHI,2021,5610
2023,CIKUMPAY,2021,8260
2024,CIJAYA,2021,5280
2025,KERTAMUKTI,2021,4340
2026,WANAWALI,2021,1690
2027,CIKADU,2021,2210
2028,CIBUKAMANAH,2021,2200
2029,CIRANGKONG,2021,3310
2030,CIPANCUR,2021,1700
2031,CIPINANG,2021,5160
2032,CIPARUNGSARI,2021,3370
2033,KARYAMEKAR,2021,3290
2034,CIBATU,2021,3260
2035,CILANDAK,2021,5040
2036,PASIRANGIN,2021,5760
2037,NANGEWER,2021,6720
2038,NEGLASARI,2021,4860
2039,LINGGASARI,2021,4480
2040,SAWIT,2021,4290
2041,SIRNAMANAH,2021,2160
2042,DEPOK,2021,6540
2043,LEGOKSARI,2021,2460
2044,MEKARSARI,2021,4810
2045,GUNUNGHEJO,2021,3200
2046,DARANGDAN,2021,6610
2047,SADARKARYA,2021,3510
2048,LINGGAMUKTI,2021,3310
2049,CILINGGA,2021,4980
2050,NAGRAK,2021,7160
2051,TEGALDATAR,2021,6330
2052,SINARGALIH,2021,7080
2053,CITAMIANG,2021,4370
2054,CIJATI,2021,2790
2055,GUNUNGKARUNG,2021,4580
2056,PASIRJAMBU,2021,3990
2057,CIRAMAHILIR,2021,3680
2058,SUKAMUKTI,2021,3200
2059,SUKAHAJI,2021,2980
2060,KAROYA,2021,5130
2061,CADASSARI,2021,2980
2062,CADASMEKAR,2021,3620
2063,CITALANG,2021,5270
2064,BATUTUMPANG,2021,4620
2065,TEGALWARU,2021,3030
2066,TEGALSARI,2021,2890
2067,WARUNGJERUK,2021,5200
2068,GALUMPIT,2021,2930
2069,CISARUA,2021,4860
2070,SUKAMULYA,2021,6140
2071,PASANGGRAHAN,2021,3540
2072,RAWASARI,2021,3640
2073,GANDASOLI,2021,3670
2074,GANDAMEKAR,2021,3580
2075,CIBOGOHILIR,2021,7680
2076,PALINGGIHAN,2021,5570
2077,BABAKAN SARI,2021,3260
2078,P L E R E D,2021,4720
2079,SINDANGSARI,2021,5570
2080,CITEKO,2021,5140
2081,CITEKOKALER,2021,4060
2082,LINGGARSARI,2021,4750
2083,PAMOYANAN,2021,6520
2084,LIUNGGUNUNG,2021,6450
2085,ANJUN,2021,4700
2086,CIBOGO GIRANG,2021,8270
2087,SEMPUR,2021,5840
2088,CIANTING,2021,7380
2089,PASIRMUNJUL,2021,3450
2090,CIBODAS,2021,4500
2091,CIANTING UTARA,2021,2940
2092,SUKATANI,2021,13290
2093,MALANGNENGAH,2021,5650
2094,CILALAWI,2021,4490
2095,SUKAMAJU,2021,3870
2096,CIPICUNG,2021,3510
2097,TAJURSINDANG,2021,6040
2098,SINDANGLAYA,2021,4630
2099,PANYINDANGAN,2021,6740
2100,SUKAJAYA,2021,5290
2101,CIJANTUNG,2021,5140
2102,CIWANGI,2021,11180
2103,CIBENING,2021,13800
2104,BUNGURSARI,2021,3830
2105,CIBUNGUR,2021,3890
2106,DANGDEUR,2021,2680
2107,WANAKERTA,2021,3960
2108,CINANGKA,2021,4290
2109,CIKOPO,2021,7690
2110,KARANGMUKTI,2021,2840
2111,CIBODAS,2021,6360
2112,NANGERANG,2022,2092
2113,SIMPANG,2022,1934
2114,SAKAMBANG,2022,1496
2115,NAGROG,2022,2412
2116,CIBUNTU,2022,1605
2117,SUMURUGUL,2022,1774
2118,RAHARJA,2022,1475
2119,WANAYASA,2022,5486
2120,BABAKAN,2022,3646
2121,WANASARI,2022,3454
2122,LEGOKHUNI,2022,3564
2123,CIAWI,2022,2997
2124,SUKADAMI,2022,3533
2125,TARINGGUL TONGGOH,2022,2684
2126,TARINGGUL TENGAH,2022,3533
2127,JATIMEKAR,2022,4490
2128,CIKAOBANDUNG,2022,6110
2129,JATILUHUR,2022,4520
2130,CILEGONG,2022,6090
2131,KEMBANGKUNING,2022,11900
2132,CIBINONG,2022,5170
2133,PARAKANLIMA,2022,6490
2134,CISALADA,2022,7250
2135,MEKARGALIH,2022,9540
2136,BUNDER,2022,12400
2137,PUSAKAMULYA,2022,4960
2138,PARAKAN GAROKGEK,2022,3340
2139,CIRACAS,2022,2850
2140,KIARAPEDES,2022,3100
2141,CIBEBER,2022,2350
2142,SUMBERSARI,2022,1920
2143,MEKARJAYA,2022,2650
2144,MARGALUYU,2022,2900
2145,GARDU,2022,2140
2146,TARINGGUL LANDEUH,2022,2130
2147,PARUNGBANTENG,2022,2890
2148,SUKASARI,2022,3780
2149,CIRIRIP,2022,3680
2150,KERTAMANAH,2022,2880
2151,KUTAMANAH,2022,3980
2152,CIBINGBIN,2022,5200
2153,BOJONG TIMUR,2022,4450
2154,PASANGGRAHAN,2022,2510
2155,CIHANJAWAR,2022,2410
2156,CIKERIS,2022,2940
2157,BOJONG BARAT,2022,3780
2158,PANGKALAN,2022,2580
2159,SUKAMANAH,2022,3110
2160,PAWENANG,2022,3110
2161,SINDANGSARI,2022,3420
2162,SINDANGPANON,2022,6110
2163,CIPEUNDEUY,2022,4730
2164,CILEUNCA,2022,3840
2165,KERTASARI,2022,4800
2166,SINDANGKASIH,2022,20000
2167,NAGERI KIDUL,2022,15500
2168,NAGERI TENGAH,2022,10900
2169,CIPAISAN,2022,12400
2170,NAGERI KALER,2022,24700
2171,TEGALMUNJUL,2022,14600
2172,CITALANG,2022,11300
2173,MUNJULJAYA,2022,21400
2174,CISEUREUH,2022,38400
2175,PURWAMEKAR,2022,10100
2176,MARACANG,2022,8960
2177,CIWARENG,2022,10400
2178,MULYAMEKAR,2022,10300
2179,CIGELAM,2022,7210
2180,BABAKANCIKAO,2022,5160
2181,KADUMEKAR,2022,2400
2182,HEGARMANAH,2022,3150
2183,CICADAS,2022,5840
2184,CILANGKAP,2022,6560
2185,BUNGUR JAYA,2022,2020
2186,PONDOKBUNGUR,2022,3210
2187,SALEM,2022,3470
2188,GALUDRA,2022,1530
2189,SUKAJADI,2022,2780
2190,TANJUNGSARI,2022,4830
2191,SALAM JAYA,2022,2730
2192,SITU,2022,2400
2193,PARAKANSALAM,2022,1680
2194,SALAM MULYA,2022,3400
2195,GURUDUG,2022,2680
2196,CIHERANG,2022,4180
2197,CIDAHU,2022,1760
2198,PASAWAHAN ANYAR,2022,2050
2199,PASAWAHANKIDUL,2022,3670
2200,SAWAH KULON,2022,4930
2201,KERTAJAYA,2022,5140
2202,LEBAKANYAR,2022,5680
2203,CIHUNI,2022,3910
2204,WARUNGKADU,2022,2800
2205,SELAAWI,2022,5220
2206,MARGASARI,2022,4530
2207,PASAWAHAN,2022,5590
2208,CIRENDE,2022,2130
2209,BENTENG,2022,4210
2210,CAMPAKA,2022,5030
2211,CAMPAKASARI,2022,5710
2212,CIJUNTI,2022,5420
2213,CISAAT,2022,4300
2214,CIMAHI,2022,5610
2215,CIKUMPAY,2022,8260
2216,CIJAYA,2022,5280
2217,KERTAMUKTI,2022,4340
2218,WANAWALI,2022,1690
2219,CIKADU,2022,2210
2220,CIBUKAMANAH,2022,2200
2221,CIRANGKONG,2022,3310
2222,CIPANCUR,2022,1700
2223,CIPINANG,2022,5160
2224,CIPARUNGSARI,2022,3370
2225,KARYAMEKAR,2022,3290
2226,CIBATU,2022,3260
2227,CILANDAK,2022,5040
2228,PASIRANGIN,2022,5760
2229,NANGEWER,2022,6720
2230,NEGLASARI,2022,4860
2231,LINGGASARI,2022,4480
2232,SAWIT,2022,4290
2233,SIRNAMANAH,2022,2160
2234,DEPOK,2022,6540
2235,LEGOKSARI,2022,2460
2236,MEKARSARI,2022,4810
2237,GUNUNGHEJO,2022,3200
2238,DARANGDAN,2022,6610
2239,SADARKARYA,2022,3510
2240,LINGGAMUKTI,2022,3310
2241,CILINGGA,2022,4980
2242,NAGRAK,2022,7160
2243,TEGALDATAR,2022,6330
2244,SINARGALIH,2022,7080
2245,CITAMIANG,2022,4370
2246,CIJATI,2022,2790
2247,GUNUNGKARUNG,2022,4580
2248,PASIRJAMBU,2022,3990
2249,CIRAMAHILIR,2022,3680
2250,SUKAMUKTI,2022,3200
2251,SUKAHAJI,2022,2980
2252,KAROYA,2022,5130
2253,CADASSARI,2022,2980
2254,CADASMEKAR,2022,3620
2255,CITALANG,2022,5270
2256,BATUTUMPANG,2022,4620
2257,TEGALWARU,2022,3030
2258,TEGALSARI,2022,2890
2259,WARUNGJERUK,2022,5200
2260,GALUMPIT,2022,2930
2261,CISARUA,2022,4860
2262,SUKAMULYA,2022,6140
2263,PASANGGRAHAN,2022,3540
2264,RAWASARI,2022,3640
2265,GANDASOLI,2022,3670
2266,GANDAMEKAR,2022,3580
2267,CIBOGOHILIR,2022,7680
2268,PALINGGIHAN,2022,5570
2269,BABAKAN SARI,2022,3260
2270,P L E R E D,2022,4720
2271,SINDANGSARI,2022,5570
2272,CITEKO,2022,5140
2273,CITEKOKALER,2022,4060
2274,LINGGARSARI,2022,4750
2275,PAMOYANAN,2022,6520
2276,LIUNGGUNUNG,2022,6450
2277,ANJUN,2022,4700
2278,CIBOGO GIRANG,2022,8270
2279,SEMPUR,2022,5840
2280,CIANTING,2022,7380
2281,PASIRMUNJUL,2022,3450
2282,CIBODAS,2022,4500
2283,CIANTING UTARA,2022,2940
2284,SUKATANI,2022,13290
2285,MALANGNENGAH,2022,5650
2286,CILALAWI,2022,4490
2287,SUKAMAJU,2022,3870
2288,CIPICUNG,2022,3510
2289,TAJURSINDANG,2022,6040
2290,SINDANGLAYA,2022,4630
2291,PANYINDANGAN,2022,6740
2292,SUKAJAYA,2022,5290
2293,CIJANTUNG,2022,5140
2294,CIWANGI,2022,11180
2295,CIBENING,2022,13800
2296,BUNGURSARI,2022,3830
2297,CIBUNGUR,2022,3890
2298,DANGDEUR,2022,2680
2299,WANAKERTA,2022,3960
2300,CINANGKA,2022,4290
2301,CIKOPO,2022,7690
2302,KARANGMUKTI,2022,2840
2303,CIBODAS,2022,6360
2304,NANGERANG,2023,2207
2305,SIMPANG,2023,2038
2306,SAKAMBANG,2023,1623
2307,NAGROG,2023,2659
2308,CIBUNTU,2023,1700
2309,SUMURUGUL,2023,1759
2310,RAHARJA,2023,1508
2311,WANAYASA,2023,5533
2312,BABAKAN,2023,3802
2313,WANASARI,2023,3632
2314,LEGOKHUNI,2023,2838
2315,CIAWI,2023,3146
2316,SUKADAMI,2023,3753
2317,TARINGGUL TONGGOH,2023,3730
2318,TARINGGUL TENGAH,2023,3853
2319,JATIMEKAR,2023,3900
2320,CIKAOBANDUNG,2023,6263
2321,JATILUHUR,2023,4303
2322,CILEGONG,2023,6154
2323,KEMBANGKUNING,2023,11708
2324,CIBINONG,2023,5283
2325,PARAKANLIMA,2023,6568
2326,CISALADA,2023,7401
2327,MEKARGALIH,2023,9769
2328,BUNDER,2023,12794
2329,PUSAKAMULYA,2023,5078
2330,PARAKAN GAROKGEK,2023,3473
2331,CIRACAS,2023,2988
2332,KIARAPEDES,2023,3199
2333,CIBEBER,2023,2468
2334,SUMBERSARI,2023,2039
2335,MEKARJAYA,2023,2681
2336,MARGALUYU,2023,3088
2337,GARDU,2023,2147
2338,TARINGGUL LANDEUH,2023,2165
2339,PARUNGBANTENG,2023,2819
2340,SUKASARI,2023,3859
2341,CIRIRIP,2023,3820
2342,KERTAMANAH,2023,3020
2343,KUTAMANAH,2023,4145
2344,CIBINGBIN,2023,5285
2345,BOJONG TIMUR,2023,4448
2346,PASANGGRAHAN,2023,2591
2347,CIHANJAWAR,2023,2524
2348,CIKERIS,2023,2885
2349,BOJONG BARAT,2023,3823
2350,PANGKALAN,2023,2660
2351,SUKAMANAH,2023,3249
2352,PAWENANG,2023,3107
2353,SINDANGSARI,2023,3430
2354,SINDANGPANON,2023,6070
2355,CIPEUNDEUY,2023,4809
2356,CILEUNCA,2023,3951
2357,KERTASARI,2023,4793
2358,SINDANGKASIH,2023,20578
2359,NAGERI KIDUL,2023,15763
2360,NAGERI TENGAH,2023,11309
2361,CIPAISAN,2023,12562
2362,NAGERI KALER,2023,24552
2363,TEGALMUNJUL,2023,15228
2364,CITALANG,2023,11219
2365,MUNJULJAYA,2023,21422
2366,CISEUREUH,2023,38661
2367,PURWAMEKAR,2023,10038
2368,MARACANG,2023,8903
2369,CIWARENG,2023,9963
2370,MULYAMEKAR,2023,9886
2371,CIGELAM,2023,7099
2372,BABAKANCIKAO,2023,5072
2373,KADUMEKAR,2023,2730
2374,HEGARMANAH,2023,3412
2375,CICADAS,2023,5996
2376,CILANGKAP,2023,6851
2377,BUNGUR JAYA,2023,2087
2378,PONDOKBUNGUR,2023,3236
2379,SALEM,2023,3505
2380,GALUDRA,2023,1562
2381,SUKAJADI,2023,2747
2382,TANJUNGSARI,2023,4995
2383,SALAM JAYA,2023,2721
2384,SITU,2023,2457
2385,PARAKANSALAM,2023,1721
2386,SALAM MULYA,2023,3566
2387,GURUDUG,2023,2762
2388,CIHERANG,2023,4326
2389,CIDAHU,2023,1781
2390,PASAWAHAN ANYAR,2023,2109
2391,PASAWAHANKIDUL,2023,3722
2392,SAWAH KULON,2023,5135
2393,KERTAJAYA,2023,5212
2394,LEBAKANYAR,2023,5497
2395,CIHUNI,2023,3922
2396,WARUNGKADU,2023,2797
2397,SELAAWI,2023,5281
2398,MARGASARI,2023,4500
2399,PASAWAHAN,2023,5647
2400,CIRENDE,2023,2210
2401,BENTENG,2023,3841
2402,CAMPAKA,2023,5082
2403,CAMPAKASARI,2023,5900
2404,CIJUNTI,2023,5380
2405,CISAAT,2023,4382
2406,CIMAHI,2023,5778
2407,CIKUMPAY,2023,7702
2408,CIJAYA,2023,4978
2409,KERTAMUKTI,2023,4421
2410,WANAWALI,2023,1670
2411,CIKADU,2023,2256
2412,CIBUKAMANAH,2023,2213
2413,CIRANGKONG,2023,3408
2414,CIPANCUR,2023,1854
2415,CIPINANG,2023,5094
2416,CIPARUNGSARI,2023,3525
2417,KARYAMEKAR,2023,3453
2418,CIBATU,2023,3331
2419,CILANDAK,2023,5239
2420,PASIRANGIN,2023,5873
2421,NANGEWER,2023,6774
2422,NEGLASARI,2023,4976
2423,LINGGASARI,2023,4526
2424,SAWIT,2023,4303
2425,SIRNAMANAH,2023,2179
2426,DEPOK,2023,6636
2427,LEGOKSARI,2023,2470
2428,MEKARSARI,2023,4913
2429,GUNUNGHEJO,2023,3286
2430,DARANGDAN,2023,6571
2431,SADARKARYA,2023,3588
2432,LINGGAMUKTI,2023,3393
2433,CILINGGA,2023,5074
2434,NAGRAK,2023,7248
2435,TEGALDATAR,2023,6424
2436,SINARGALIH,2023,7085
2437,CITAMIANG,2023,4357
2438,CIJATI,2023,2829
2439,GUNUNGKARUNG,2023,4721
2440,PASIRJAMBU,2023,4090
2441,CIRAMAHILIR,2023,3746
2442,SUKAMUKTI,2023,3306
2443,SUKAHAJI,2023,3066
2444,KAROYA,2023,5285
2445,CADASSARI,2023,3140
2446,CADASMEKAR,2023,3616
2447,CITALANG,2023,5343
2448,BATUTUMPANG,2023,4716
2449,TEGALWARU,2023,3107
2450,TEGALSARI,2023,2955
2451,WARUNGJERUK,2023,5272
2452,GALUMPIT,2023,2992
2453,CISARUA,2023,4911
2454,SUKAMULYA,2023,6241
2455,PASANGGRAHAN,2023,3656
2456,RAWASARI,2023,3719
2457,GANDASOLI,2023,3831
2458,GANDAMEKAR,2023,3688
2459,CIBOGOHILIR,2023,7561
2460,PALINGGIHAN,2023,5444
2461,BABAKAN SARI,2023,3217
2462,P L E R E D,2023,5151
2463,SINDANGSARI,2023,5536
2464,CITEKO,2023,5209
2465,CITEKOKALER,2023,4112
2466,LINGGARSARI,2023,4814
2467,PAMOYANAN,2023,6456
2468,LIUNGGUNUNG,2023,6586
2469,ANJUN,2023,4797
2470,CIBOGO GIRANG,2023,8262
2471,SEMPUR,2023,5780
2472,CIANTING,2023,7417
2473,PASIRMUNJUL,2023,3513
2474,CIBODAS,2023,4597
2475,CIANTING UTARA,2023,3056
2476,SUKATANI,2023,13709
2477,MALANGNENGAH,2023,5616
2478,CILALAWI,2023,4696
2479,SUKAMAJU,2023,4066
2480,CIPICUNG,2023,3539
2481,TAJURSINDANG,2023,5995
2482,SINDANGLAYA,2023,4560
2483,PANYINDANGAN,2023,6759
2484,SUKAJAYA,2023,5479
2485,CIJANTUNG,2023,5422
2486,CIWANGI,2023,10775
2487,CIBENING,2023,13731
2488,BUNGURSARI,2023,3785
2489,CIBUNGUR,2023,3993
2490,DANGDEUR,2023,2527
2491,WANAKERTA,2023,3976
2492,CINANGKA,2023,3947
2493,CIKOPO,2023,7835
2494,KARANGMUKTI,2023,2918
2495,CIBODAS,2023,6529
