DESA_1,2011,2012,2013,2014,2015,2016,2017,2018,2019,2020,2021,2022,2023,Latitude,Longitude
NANGERANG,1801.0,1957.0,2058.0,2057,2317.0,2086.0,2086.0,2044.0,2097.0,2144,2144.0,2092.0,2207.0,-6.6971,107.5357
SIMPANG,1905.0,1897.0,1953.0,1943,1897.0,1896.0,1896.0,1925.0,1891.0,2020,2020.0,1934.0,2038.0,-6.6828,107.5402
SAKAMBANG,1401.0,1596.0,1630.0,1641,1583.0,1583.0,1583.0,1498.0,1592.0,1567,1570.0,1496.0,1.623,-6.711,107.5402
NAGROG,3342.0,2343.0,2353.0,2542,2524.0,2417.0,2417.0,2415.0,2429.0,2580,2580.0,2412.0,2659.0,-6.7132,107.552
CIBUNTU,1427.0,1444.0,1469.0,1524,1574.0,1574.0,1574.0,1571.0,1622.0,1642,1640.0,1605.0,1.7,-6.7079,107.555
SUMURUGUL,1596.0,1640.0,1685.0,1648,1749.0,1725.0,1725.0,1719.0,1710.0,1676,1680.0,1774.0,1.759,-6.7077,107.5609
RAHARJA,1269.0,1347.0,1354.0,1414,1419.0,1384.0,1384.0,1440.0,1469.0,1500,1500.0,1475.0,1.508,-6.6812,107.5476
WANAYASA,5003.0,5386.0,5399.0,5533,5705.0,5217.0,5217.0,5191.0,5204.0,5573,5570.0,5486.0,5533.0,-6.681,107.5553
BABAKAN,3279.0,3831.0,3847.0,3876,3875.0,3860.0,3860.0,3496.0,3853.0,3726,3730.0,3646.0,3802.0,-6.6755,107.5653
WANASARI,3281.0,3053.0,3281.0,3789,3792.0,3789.0,3789.0,3431.0,3684.0,3673,3670.0,3454.0,3632.0,-6.6696,107.549
LEGOKHUNI,2204.0,2516.0,2796.0,2887,2895.0,2958.0,2958.0,2621.0,2553.0,2771,2770.0,3564.0,2838.0,-6.6509,107.5357
CIAWI,2557.0,2913.0,2911.0,2981,2969.0,2967.0,2967.0,2909.0,3122.0,3064,3060.0,2997.0,3146.0,-6.6501,107.5224
SUKADAMI,3199.0,3117.0,3450.0,3547,3581.0,3616.0,3616.0,3461.0,3569.0,3733,3730.0,3533.0,3753.0,-6.6424,107.5224
TARINGGUL TONGGOH,3211.0,3442.0,3491.0,3483,3567.0,3617.0,3617.0,3520.0,3731.0,3808,3810.0,2684.0,3730.0,-6.620353,107.529806
TARINGGUL TENGAH,3446.0,3215.0,3214.0,3848,3211.0,3211.0,3211.0,3569.0,3508.0,3826,3830.0,3533.0,3853.0,-6.6103,107.5239
JATIMEKAR,3418.0,3980.0,3980.0,3906,3917.0,3938.0,4446.0,3.756,3908.0,3810,4.49,4.49,3900.0,-6.5277,107.3997
CIKAOBANDUNG,4875.0,5132.0,5113.0,5073,5014.0,5147.0,6.532,5.704,5259.0,6057,6.11,6.11,6263.0,-6.5121,107.4056
JATILUHUR,3541.0,3597.0,3589.0,3631,3652.0,3743.0,4459.0,4.06,3743.0,4167,4.52,4.52,4303.0,-6.5272,107.4115
CILEGONG,4859.0,5055.0,5.084,5105,5197.0,5378.0,5531.0,5.658,5333.0,5899,6.09,6.09,6154.0,-6.5371,107.4233
KEMBANGKUNING,10645.0,9615.0,9.639,9638,9615.0,9794.0,12.195,10.531,9545.0,10968,11.91,11.9,11708.0,-6.5477,107.4115
CIBINONG,4334.0,4379.0,4380.0,4400,4448.0,4692.0,5531.0,4.908,4771.0,5027,5.17,5.17,5283.0,-6.558,107.4115
PARAKANLIMA,5103.0,4759.0,5434.0,5470,5567.0,5844.0,6.821,5.967,5611.0,6124,6.49,6.49,6568.0,-6.608,107.447
CISALADA,6018.0,6233.0,6.279,6319,6658.0,6855.0,7912.0,6.458,7019.0,6563,7.25,7.25,7401.0,-6.5825,107.4411
MEKARGALIH,8480.0,8867.0,8.994,9082,9082.0,9280.0,11.006,9.154,9295.0,9258,9.54,9.54,9769.0,-6.5727,107.4292
BUNDER,10658.0,10698.0,10.698,10836,12173.0,12368.0,13.68,11.689,12207.0,12065,12.39,12.4,12794.0,-6.5573,107.4292
PUSAKAMULYA,4023.0,4023.0,4156.0,3960,4296.0,4488.0,4508.0,4436.0,4457.0,4647,4.96,4.96,5078.0,-6.6851,107.5831
PARAKAN GAROKGEK,3000.0,3000.0,2881.0,2888,2663.0,3007.0,3002.0,3182.0,2940.0,3262,3.34,3.34,3473.0,-6.6641,107.5949
CIRACAS,2318.0,2318.0,2492.0,2673,2684.0,2787.0,2855.0,2829.0,2916.0,2855,2.85,2.85,2988.0,-6.6543,107.5831
KIARAPEDES,2720.0,2720.0,2611.0,2650,2886.0,2869.0,2908.0,2979.0,2894.0,3102,3.1,3.1,3199.0,-6.675,107.5862
CIBEBER,1945.0,1945.0,2042.0,2103,2106.0,2145.0,2068.0,2175.0,2.164,2037,2.35,2.35,2468.0,-6.665,107.5712
SUMBERSARI,1540.0,1540.0,1608.0,1597,1865.0,1868.0,1824.0,1806.0,1774.0,1926,1.92,1.92,2039.0,-6.6605,107.5535
MEKARJAYA,1888.0,1888.0,2517.0,2511,2519.0,2551.0,2548.0,2497.0,2.549,2040,2.65,2.65,2681.0,-6.6084,107.5771
MARGALUYU,2422.0,2422.0,2613.0,2619,2470.0,2637.0,2676.0,2666.0,2.735,2585,2.9,2.9,3088.0,-6.6066,107.5564
GARDU,1884.0,1884.0,2243.0,2228,2216.0,2133.0,1934.0,2038.0,2118.0,2846,2.14,2.14,2147.0,-6.6414,107.549
TARINGGUL LANDEUH,1854.0,1854.0,1980.0,2019,2016.0,2057.0,2083.0,1932.0,2.141,2295,4.13,2.13,2165.0,-6.63,107.5476
PARUNGBANTENG,2519.0,2558.0,2901.0,2980,3001.0,3201.0,3901.0,2627.0,2.664,2609,2.89,2.89,2819.0,-6.6172,107.2607
SUKASARI,3341.0,3393.0,3127.0,3446,3863.0,2631.0,3545.0,3545.0,3.545,3339,3.78,3.78,3859.0,-6.604,107.2696
CIRIRIP,2936.0,2984.0,3428.0,3863,3863.0,3370.0,4010.0,3841.0,4.296,3354,3.73,3.68,3820.0,-6.5761,107.2607
KERTAMANAH,2458.0,2504.0,2458.0,2935,2986.0,2800.0,3248.0,2800.0,2.109,2778,2.88,2.88,3020.0,-6.5552,107.2726
KUTAMANAH,3201.0,3268.0,3759.0,3810,3946.0,3264.0,3514.0,3244.0,3.489,3815,3.98,3.98,4145.0,-6.5105,107.379
CIBINGBIN,4386.0,4411.0,4660.0,4679,4707.0,4745.0,3434.0,4648.0,5060.0,4701,5.2,5.2,5285.0,-6.7236,107.5121
BOJONG TIMUR,3.741,3970.0,3979.0,3975,4115.0,3952.0,3792.0,4082.0,4149.0,4198,4.45,4.45,4448.0,-6.7435,107.5298
PASANGGRAHAN,2094.0,2345.0,2362.0,2343,2351.0,2.354,2.333,2388.0,2189.0,2361,2.51,2.51,2591.0,-6.763,107.5594
CIHANJAWAR,2079.0,1352.0,2346.0,2394,2405.0,2.344,2.343,2274.0,2041.0,2332,2.41,2.41,2524.0,-6.7399,107.5564
CIKERIS,2554.0,2731.0,2635.0,2666,2808.0,2.829,2.82,2726.0,2681.0,2801,2.94,2.94,2885.0,-6.7078,107.5239
BOJONG BARAT,3.181,3395.0,3368.0,3055,3120.0,3309.0,3.289,3491.0,3488.0,3458,3.78,3.78,3823.0,-6.7072,107.5047
PANGKALAN,2235.0,2415.0,2415.0,2431,2443.0,2.567,2.663,2432.0,2467.0,2416,2.58,2.58,2660.0,-6.714,107.4943
SUKAMANAH,2462.0,3254.0,2649.0,2665,2706.0,2.712,2.72,2760.0,2853.0,2879,3.11,3.11,3249.0,-6.6997,107.4987
PAWENANG,2581.0,2817.0,2831.0,2838,2898.0,2.872,2.872,2800.0,2788.0,2860,3.11,3.11,3107.0,-6.6979,107.5121
SINDANGSARI,2907.0,3055.0,3151.0,3148,3174.0,3.184,3329.0,3100.0,3067.0,3228,3.42,3.42,3430.0,-6.6819,107.5298
SINDANGPANON,5.297,5873.0,5874.0,5985,6021.0,6.099,6.114,5578.0,5560.0,5682,6.11,6.11,6070.0,-6.6694,107.5209
CIPEUNDEUY,4.114,4526.0,4533.0,4560,4685.0,4556.0,4562.0,4212.0,4210.0,4349,4.73,4.73,4809.0,-6.6676,107.5002
CILEUNCA,3270.0,3480.0,3502.0,3651,3663.0,3720.0,3753.0,3520.0,3414.0,3541,3.84,3.84,3951.0,-6.6772,107.484
KERTASARI,3856.0,4030.0,4163.0,4162,4152.0,4.21,4454.0,4409.0,3965.0,4443,4.8,4.8,4793.0,-6.6502,107.4854
SINDANGKASIH,17971.0,17614.0,17971.0,16984,18071.0,17998.0,19199.0,19199.0,20127.0,19756,20.04,20.0,20578.0,-6.5657,107.4455
NAGERI KIDUL,15026.0,14590.0,15026.0,14568,14351.0,14244.0,15003.0,15108.0,14267.0,15262,15.45,15.5,15763.0,-6.5616,107.4529
NAGERI TENGAH,10582.0,10900.0,10582.0,11039,10549.0,12758.0,12975.0,10830.0,12599.0,11031,10.9,10.9,11309.0,-6.5528,107.4485
CIPAISAN,11986.0,9771.0,11986.0,9206,8857.0,8605.0,8159.0,11884.0,7.909,12106,12.36,12.4,12562.0,-6.5507,107.4366
NAGERI KALER,25494.0,22500.0,25494.0,22202,21876.0,21078.0,21293.0,24217.0,21293.0,24376,24.67,24.7,24552.0,-6.5376,107.4455
TEGALMUNJUL,13162.0,12138.0,13162.0,12059,12175.0,12163.0,14266.0,14266.0,13115.0,14622,14.61,14.6,15228.0,-6.5423,107.4504
CITALANG,7876.0,6463.0,7876.0,6753,6798.0,6821.0,9637.0,9637.0,9.492,10385,11.32,11.3,11219.0,-6.5407,107.4647
MUNJULJAYA,17475.0,17045.0,17475.0,17266,17286.0,17359.0,19761.0,19761.0,16426.0,20375,21.42,21.4,21422.0,-6.529,107.4692
CISEUREUH,36489.0,28724.0,36489.0,27234,26849.0,26701.0,36401.0,36401.0,34238.0,37262,38.37,38.4,38661.0,-6.5204,107.4588
PURWAMEKAR,9386.0,7752.0,9386.0,7247,7063.0,6883.0,9308.0,9308.0,9.75,9565,10.1,10.1,10038.0,-6.5366,107.4352
MARACANG,7004.0,5234.0,5261.0,5293,5326.0,5309.0,5513.0,7982.0,7982.0,8483,8.96,8.96,8903.0,-6.5227,107.4307
CIWARENG,7745.0,7804.0,7861.0,7875,7991.0,8312.0,8548.0,8650.0,8650.0,9205,10.38,10.4,9963.0,-6.5211,107.4411
MULYAMEKAR,7595.0,7447.0,7577.0,6894,7564.0,10068.0,10213.0,8932.0,8932.0,9371,10.25,10.3,9886.0,-6.508,107.4499
CIGELAM,5118.0,5757.0,5545.0,5863,6077.0,6077.0,6467.0,5954.0,5954.0,6547,7.21,7.21,7099.0,-6.4777,107.4381
BABAKANCIKAO,4107.0,4038.0,3429.0,3741,3765.0,4147.0,4071.0,4561.0,4561.0,4843,5.16,5.16,5072.0,-6.4934,107.4025
KADUMEKAR,1502.0,1488.0,1487.0,1522,1906.0,1902.0,1902.0,1824.0,1824.0,2161,2.4,2.4,2730.0,-6.5154,107.4218
HEGARMANAH,2863.0,2879.0,2895.0,2921,2921.0,3085.0,2887.0,3065.0,3065.0,3220,3.15,3.15,3412.0,-6.4963,107.4174
CICADAS,5468.0,5465.0,3925.0,4498,3853.0,5647.0,4719.0,5505.0,5505.0,5741,5.84,5.84,5996.0,-6.4814,107.4056
CILANGKAP,6074.0,5893.0,5987.0,5904,5996.0,5904.0,6162.0,6266.0,6266.0,6413,6.56,6.56,6851.0,-6.4793,107.3908
BUNGUR JAYA,1684.0,1709.0,1976.0,2006,2006.0,2127.0,2.126,1967.0,1445.0,1994,2.02,2.02,2087.0,-6.658,107.5165
PONDOKBUNGUR,2783.0,2843.0,3159.0,3225,3217.0,3361.0,3.361,2917.0,2404.0,3031,3.21,3.21,3236.0,-6.6468,107.5061
SALEM,2742.0,2812.0,3299.0,3602,3727.0,3932.0,2.719,3187.0,2482.0,3252,3.47,3.47,3505.0,-6.6315,107.5061
GALUDRA,1123.0,1143.0,1430.0,1309,1336.0,1396.0,1.396,1322.0,623.0,1453,1.53,1.53,1562.0,-6.6268,107.4943
SUKAJADI,2470.0,2499.0,2692.0,2704,2695.0,2858.0,2.857,2590.0,6210.0,2698,2.78,2.78,2747.0,-6.6278,107.4647
TANJUNGSARI,4267.0,4285.0,4266.0,4304,4263.0,4518.0,4.459,4559.0,3905.0,4811,4.83,4.83,4995.0,-6.6171,107.4766
SALAM JAYA,2414.0,2454.0,2660.0,3221,3229.0,3375.0,3.375,2599.0,2214.0,2693,2.73,2.73,2721.0,-6.6053,107.484
SITU,2026.0,2070.0,2156.0,2414,2425.0,2546.0,2.546,2325.0,1879.0,2396,2.4,2.4,2457.0,-6.5981,107.4721
PARAKANSALAM,1520.0,1537.0,1997.0,1538,1554.0,1640.0,1.639,1639.0,1378.0,1702,1.68,1.68,1721.0,-6.6009,107.5002
SALAM MULYA,2977.0,3019.0,3562.0,3114,3022.0,3219.0,3.272,3317.0,2770.0,3400,3.4,3.4,3566.0,-6.6163,107.5002
GURUDUG,2323.0,2344.0,2393.0,2469,2470.0,2587.0,2.586,2469.0,2159.0,2570,2.68,2.68,2762.0,-6.5849,107.518
CIHERANG,3.562,3947.0,3.901,3978,4002.0,4127.0,4127.0,3917.0,4.186,2008,4.18,4.18,4326.0,-6.6012,107.4573
CIDAHU,1.403,1600.0,1.615,1623,1.627,1674.0,1.674,1597.0,1.664,5364,1.76,1.76,1781.0,-6.5885,107.4544
PASAWAHAN ANYAR,1.637,1749.0,1.801,1870,1.887,1967.0,1967.0,1912.0,2.054,4968,2.05,2.05,2109.0,-6.5958,107.4632
PASAWAHANKIDUL,3.244,3210.0,3.271,3227,3.271,3431.0,3.431,3458.0,3.359,4136,3.67,3.67,3722.0,-6.5875,107.481
SAWAH KULON,4.354,4564.0,4.486,5476,5.487,5494.0,5675.0,4862.0,5.491,1629,4.93,4.93,5135.0,-6.5856,107.4632
KERTAJAYA,4.018,4140.0,4.071,4711,4.653,4760.0,4760.0,4597.0,4.151,3580,5.14,5.14,5212.0,-6.5756,107.4573
LEBAKANYAR,4.757,4791.0,4.852,4889,4.928,5768.0,5768.0,5142.0,5.779,4840,5.68,5.68,5497.0,-6.5728,107.4632
CIHUNI,3.238,3454.0,3.486,3468,3.513,2699.0,2699.0,3621.0,3.549,5361,3.91,3.91,3922.0,-6.5669,107.4655
WARUNGKADU,2.241,2612.0,2.621,2461,2.39,2455.0,2.455,2606.0,2.642,5048,2.8,2.8,2797.0,-6.5598,107.4692
SELAAWI,4.105,4819.0,3.896,4493,4.892,4645.0,4645.0,4727.0,4.659,4303,5.22,5.22,5281.0,-6.5554,107.4825
MARGASARI,3.481,3409.0,3.438,3439,3.435,3757.0,3757.0,4032.0,4.61,2672,4.53,4.53,4500.0,-6.5659,107.4766
PASAWAHAN,4.478,4301.0,4.501,4807,4.34,4369.0,4369.0,5176.0,5.168,3748,5.59,5.59,5647.0,-6.5866,107.4677
CIRENDE,1836.0,1849.0,2.474,1916,2.296,2048.0,2078.0,2035.0,2204.0,2138,2.13,2.13,2210.0,-6.5394,107.5002
BENTENG,2665.0,2488.0,3.2,2640,3.061,3121.0,2988.0,2945.0,3066.0,3209,4.21,4.21,3841.0,-6.519,107.5002
CAMPAKA,3678.0,3429.0,3444.0,4107,4.198,4089.0,4104.0,4246.0,4114.0,4590,5.03,5.03,5082.0,-6.5115,107.4804
CAMPAKASARI,4895.0,5062.0,5.055,5036,5.551,5596.0,5280.0,5280.0,4971.0,5451,5.71,5.71,5900.0,-6.5184,107.481
CIJUNTI,4547.0,4624.0,4.638,5786,5.988,4786.0,5706.0,5027.0,5763.0,5132,5.42,5.42,5380.0,-6.4365,107.518
CISAAT,3349.0,3512.0,3524.0,3620,4.147,3695.0,3699.0,3990.0,3750.0,4186,4.3,4.3,4382.0,-6.4514,107.5298
CIMAHI,4562.0,5219.0,5.27,5492,5.65,5735.0,5812.0,5325.0,5837.0,5474,5.61,5.61,5778.0,-6.4574,107.5061
CIKUMPAY,6608.0,5193.0,2.137,6164,6.349,6283.0,6508.0,6185.0,7531.0,6825,826.0,826.0,7702.0,-6.4834,107.4943
CIJAYA,5007.0,3558.0,3559.0,3560,4.798,4852.0,4501.0,4501.0,4847.0,4729,5.28,5.28,4978.0,-6.4932,107.5061
KERTAMUKTI,3760.0,3485.0,3419.0,3525,4.468,3574.0,3785.0,4065.0,3760.0,4174,4.34,4.34,4421.0,-6.477,107.5298
WANAWALI,1466.0,1571.0,1588.0,1589,1615.0,1684.0,1588.0,1631.0,1684.0,1675,1.69,1.69,1670.0,-6.566,107.5446
CIKADU,1959.0,2085.0,2102.0,2193,2229.0,2250.0,2102.0,2209.0,2267.0,2282,2.21,2.21,2256.0,6.5378,107.5476
CIBUKAMANAH,1876.0,2040.0,2057.0,2114,2133.0,2057.0,2057.0,2083.0,2210.0,2170,2.2,2.2,2213.0,-6.5566,107.5209
CIRANGKONG,2872.0,3133.0,3150.0,3133,3312.0,3271.0,3150.0,3266.0,3228.0,3390,3.31,3.31,3408.0,-6.5259,107.5209
CIPANCUR,1557.0,1642.0,1639.0,1777,1819.0,1854.0,1639.0,1718.0,1905.0,1785,1.7,1.7,1854.0,-6.5226,107.5416
CIPINANG,4146.0,4074.0,4088.0,4046,4074.0,4088.0,4088.0,4647.0,5065.0,4916,5.16,5.16,5094.0,-6.5068,107.5535
CIPARUNGSARI,3085.0,2980.0,2997.0,3004,3058.0,3093.0,2997.0,3238.0,3120.0,3428,3.37,3.37,3525.0,-6.4813,107.5535
KARYAMEKAR,2885.0,2943.0,2960.0,3411,3450.0,3396.0,2960.0,3163.0,3376.0,3284,3.29,3.29,3453.0,-6.4917,107.5476
CIBATU,2782.0,2679.0,2696.0,2990,3025.0,2696.0,2696.0,3053.0,3588.0,3232,3.26,3.26,3331.0,-6.5027,107.5508
CILANDAK,4360.0,4074.0,3924.0,4076,4301.0,5212.0,3924.0,4884.0,5466.0,5037,5.04,5.04,5239.0,-6.5028,107.5239
PASIRANGIN,4908.0,5137.0,5.373,5589,5618.0,5596.0,5753.0,5753.0,5713.0,5436,5.76,5.76,5873.0,-6.7292,107.5002
NANGEWER,5892.0,5916.0,5.962,5955,6019.0,6273.0,6395.0,6395.0,6675.0,6326,6.72,6.72,6774.0,-6.7146,107.4766
NEGLASARI,4254.0,4234.0,4.244,4122,4167.0,4114.0,4101.0,4101.0,4739.0,4739,4.86,4.86,4976.0,-6.699,107.4825
LINGGASARI,3681.0,3872.0,4.053,4072,4080.0,4132.0,4144.0,4144.0,4287.0,4287,4.48,4.48,4526.0,-6.6997,107.4647
SAWIT,3611.0,3643.0,3.703,3551,3743.0,3894.0,3903.0,3903.0,4095.0,4095,4.29,4.29,4303.0,-6.6954,107.4411
SIRNAMANAH,1733.0,1834.0,2.024,2067,2084.0,1976.0,2041.0,2041.0,2099.0,2081,2.16,2.16,2179.0,-6.6909,107.4233
DEPOK,5746.0,5698.0,6.073,6734,6809.0,6820.0,6862.0,6862.0,7063.0,6359,6.54,6.54,6636.0,-6.692,107.3938
LEGOKSARI,1909.0,2028.0,2.21,2208,2218.0,2236.0,2240.0,2240.0,2244.0,2369,2.46,2.46,2470.0,-6.6832,107.3893
MEKARSARI,3935.0,4071.0,4.272,4989,4986.0,5078.0,5026.0,5026.0,5039.0,4720,4.81,4.81,4913.0,-6.6821,107.3819
GUNUNGHEJO,2707.0,2850.0,3.04,3054,3068.0,3099.0,3129.0,3129.0,3247.0,3156,3.2,3.2,3286.0,-6.6655,107.4174
DARANGDAN,5621.0,5627.0,5.664,5716,6863.0,6938.0,6956.0,6956.0,7012.0,6383,6.61,6.61,6571.0,-6.6924,107.4372
SADARKARYA,2861.0,2845.0,2.878,2786,2837.0,2868.0,2906.0,2906.0,3024.0,3448,3.51,3.51,3588.0,-6.68,107.4411
LINGGAMUKTI,2781.0,2837.0,2.93,2955,3032.0,2994.0,2996.0,2996.0,2899.0,3245,3.31,3.31,3393.0,-6.6693,107.4529
CILINGGA,4088.0,4181.0,4.409,4412,4535.0,4224.0,4589.0,4589.0,4525.0,4859,4.98,4.98,5074.0,-6.6791,107.4647
NAGRAK,5976.0,6226.0,6.452,6896,6890.0,6935.0,6957.0,6957.0,7056.0,6884,7.16,7.16,7248.0,-6.6503,107.4115
TEGALDATAR,5.602,5.241,6259.0,6796,4.737,5283.0,5300.0,5697.0,6672.0,5558,6.33,6.33,6424.0,-6.7005,107.2992
SINARGALIH,5.754,5.333,6369.0,6710,5.252,5882.0,5593.0,6305.0,5544.0,6471,7.08,7.08,7085.0,-6.7102,107.3169
CITAMIANG,3.873,3.894,4651.0,4869,3.623,3808.0,3912.0,3997.0,4128.0,4074,4.37,4.37,4357.0,-6.6836,107.3405
CIJATI,2.364,2.437,2911.0,2769,2.241,2396.0,2570.0,2540.0,2624.0,2577,2.79,2.79,2829.0,-6.6793,107.3169
GUNUNGKARUNG,3.972,4.124,4926.0,4724,3.791,4139.0,4478.0,4329.0,4961.0,4344,4.58,4.58,4721.0,-6.6775,107.2962
PASIRJAMBU,3.296,3.217,3843.0,3773,2.939,3508.0,3838.0,3727.0,4027.0,3766,3.99,3.99,4090.0,-6.696,107.2814
CIRAMAHILIR,3.351,3.241,3871.0,3772,2.991,3261.0,3738.0,3353.0,3766.0,3414,3.68,3.68,3746.0,-6.6813,107.2637
SUKAMUKTI,3.056,3.416,4081.0,3521,2.738,2968.0,2968.0,3030.0,3685.0,2889,3.2,3.2,3306.0,-6.6574,107.2844
SUKAHAJI,2545.0,2603.0,2651.0,2461,2617.0,2686.0,2690.0,2.748,2.669,2902,2.98,2.98,3066.0,-6.6637,107.3228
KAROYA,4255.0,4175.0,4266.0,4604,4685.0,4814.0,5015.0,4.709,5.068,4945,5.13,5.13,5285.0,-6.6682,107.3405
CADASSARI,2463.0,2575.0,2610.0,2749,2746.0,2918.0,2711.0,2.786,2.745,2857,2.98,2.98,3140.0,-6.6727,107.3583
CADASMEKAR,2908.0,3023.0,3065.0,4119,3846.0,4080.0,4082.0,3.225,4.03,3306,3.62,3.62,3616.0,-6.6625,107.3583
CITALANG,4411.0,4400.0,4483.0,4353,4317.0,4675.0,4886.0,4.676,4.949,4940,5.27,5.27,5343.0,-6.5407,107.4647
BATUTUMPANG,3885.0,3982.0,4044.0,4881,4973.0,5646.0,5665.0,2.288,5.594,4459,4.62,4.62,4716.0,-6.637,107.3524
TEGALWARU,2353.0,2472.0,2533.0,2839,2842.0,2849.0,2882.0,2.78,2.832,2928,3.03,3.03,3107.0,-6.6717,107.3568
TEGALSARI,2372.0,2458.0,2493.0,2493,2842.0,2484.0,2518.0,2.633,2.672,2803,2.89,2.89,2955.0,-6.6325,107.3346
WARUNGJERUK,4220.0,4262.0,4319.0,4207,4205.0,4818.0,4783.0,4.62,4.824,4908,5.2,5.2,5272.0,-6.6481,107.3287
GALUMPIT,2374.0,2465.0,2508.0,2476,2476.0,2638.0,2719.0,2.691,2.588,2757,2.93,2.93,2992.0,-6.6383,107.3169
CISARUA,4225.0,4285.0,4369.0,4766,4744.0,4575.0,4616.0,4.401,4.816,4547,4.86,4.86,4911.0,-6.6048,107.3198
SUKAMULYA,5203.0,5244.0,5337.0,5537,5537.0,5665.0,5682.0,5.581,5.662,5801,6.14,6.14,6241.0,-6.6036,107.3553
PASANGGRAHAN,2946.0,3058.0,3091.0,3168,3168.0,3210.0,3235.0,3.043,3.235,3212,3.54,3.54,3656.0,-6.763,107.5594
RAWASARI,2576.0,3537.0,3650.0,3537,3500.0,3500.0,2811.0,3148.0,2810.0,3419,3.64,3.64,3719.0,-6.6634,107.3686
GANDASOLI,3046.0,3223.0,3388.0,3560,3773.0,3773.0,3783.0,3489.0,3250.0,3606,3.67,3.67,3831.0,-6.6736,107.3686
GANDAMEKAR,2906.0,2911.0,3021.0,3925,3357.0,3357.0,3448.0,3311.0,3324.0,3454,3.58,3.58,3688.0,-6.6655,107.3804
CIBOGOHILIR,6257.0,6325.0,6411.0,7435,6724.0,6724.0,7644.0,6949.0,7094.0,7121,7.68,7.68,7561.0,-6.6524,107.3893
PALINGGIHAN,4791.0,5166.0,5323.0,5326,4721.0,4721.0,5218.0,5083.0,5390.0,5138,5.57,5.57,5444.0,-6.6438,107.396
BABAKAN SARI,2795.0,2795.0,2901.0,2901,3128.0,3128.0,3386.0,3038.0,3435.0,3112,3.26,3.26,3217.0,-6.6393,107.3952
P L E R E D,5162.0,5207.0,5317.0,5207,5610.0,5610.0,4793.0,5010.0,5048.0,5018,4.72,4.72,5151.0,-6.6415,107.3906
SINDANGSARI,4863.0,5336.0,5451.0,5158,5569.0,5569.0,5150.0,5337.0,5413.0,5404,5.57,5.57,5536.0,-6.6819,107.5298
CITEKO,4522.0,5417.0,5527.0,4672,4904.0,4904.0,4437.0,4906.0,4805.0,5075,5.14,5.14,5209.0,-6.6518,107.3701
CITEKOKALER,3288.0,3288.0,3757.0,3319,3509.0,3509.0,3787.0,3611.0,3961.0,3710,4.06,4.06,4112.0,-6.6407,107.3753
LINGGARSARI,3938.0,4163.0,4288.0,4439,4827.0,4827.0,4420.0,4315.0,4578.0,4427,4.75,4.75,4814.0,-6.6997,107.4647
PAMOYANAN,5372.0,5522.0,5642.0,5698,7034.0,7034.0,5944.0,5885.0,5786.0,6197,6.52,6.52,6456.0,-6.6263,107.3642
LIUNGGUNUNG,5438.0,5279.0,5321.0,6669,6327.0,6327.0,6179.0,5819.0,6356.0,6012,6.45,6.45,6586.0,-6.6206,107.3819
ANJUN,4250.0,4250.0,4451.0,5175,5525.0,5525.0,5781.0,4616.0,4225.0,4712,4.7,4.7,4797.0,-6.6342,107.3952
CIBOGO GIRANG,6747.0,7275.0,7385.0,8369,7307.0,7307.0,8625.0,7528.0,7509.0,7578,8.27,8.27,8262.0,-6.6652,107.3893
SEMPUR,5148.0,5432.0,5502.0,6110,5453.0,5453.0,5196.0,5273.0,5378.0,5364,5.84,5.84,5780.0,-6.6673,107.4011
CIANTING,6140.0,6550.0,6.553,5308,5311.0,5349.0,5457.0,6772.0,6.614,7007,7.38,7.38,7417.0,-6.6447,107.4233
PASIRMUNJUL,2967.0,3544.0,3.579,3562,3582.0,3600.0,3612.0,3270.0,2.914,3310,3.45,3.45,3513.0,-6.6389,107.4411
CIBODAS,3484.0,3972.0,3.959,4064,4077.0,4097.0,4097.0,4047.0,3.759,4314,4.5,4.5,4597.0,-6.6295,107.4174
CIANTING UTARA,2768.0,3032.0,3.031,3032,3032.0,3039.0,3056.0,2894.0,3.03,2959,2.94,2.94,3056.0,-6.6287,107.4041
SUKATANI,11.191,11.218,11.218,12325,12357.0,12387.0,12423.0,12387.0,12.362,12917,13.29,13.29,13709.0,-6.6139,107.4233
MALANGNENGAH,4534.0,4629.0,5.514,5468,5465.0,5488.0,5494.0,5174.0,5.032,5389,5.65,5.65,5616.0,-6.6043,107.4056
CILALAWI,3857.0,4405.0,4.815,4852,4821.0,4838.0,4882.0,4290.0,4.177,4389,4.49,4.49,4696.0,-6.6161,107.3982
SUKAMAJU,2889.0,3383.0,3.374,3399,3409.0,3421.0,3429.0,3527.0,3.097,3703,3.87,3.87,4066.0,-6.6047,107.3938
CIPICUNG,2889.0,3113.0,3.117,3234,3246.0,3256.0,3270.0,3125.0,3.125,3227,3.51,3.51,3539.0,-6.6105,107.376
TAJURSINDANG,4874.0,5201.0,5.208,6721,6708.0,6741.0,6751.0,5365.0,4.997,5603,6.04,6.04,5995.0,-6.5844,107.3878
SINDANGLAYA,3798.0,3941.0,3.95,3940,3994.0,4018.0,4058.0,3892.0,4.333,3884,4.63,4.63,4560.0,-6.5799,107.3701
PANYINDANGAN,5852.0,5561.0,5.561,5505,5462.0,5484.0,5496.0,5936.0,6.703,5898,6.74,6.74,6759.0,-6.5644,107.335
SUKAJAYA,4387.0,5006.0,4.956,4889,4923.0,4940.0,4970.0,5077.0,5.105,5223,5.29,5.29,5479.0,-6.601,107.4263
CIJANTUNG,4133.0,4064.0,4.093,4173,4191.0,4225.0,4226.0,4608.0,4.864,4885,5.14,5.14,5422.0,-6.583,107.4292
CIWANGI,10849.0,10904.0,10930.0,10910,12275.0,12828.0,14.728,10.253,13.182,10587,11.18,11.18,10775.0,-6.5086,107.4692
CIBENING,8674.0,7951.0,9106.0,10437,10578.0,11067.0,11.837,10.927,12.898,12277,13.8,13.8,13731.0,-6.4944,107.4706
BUNGURSARI,3320.0,3369.0,3368.0,3361,3361.0,3361.0,3.871,3.422,3.865,3577,3.83,3.83,3785.0,-6.4838,107.4825
CIBUNGUR,3380.0,3352.0,3344.0,3448,3439.0,3525.0,3.815,3.485,3.439,2298,3.89,3.89,3993.0,-6.4699,107.478
DANGDEUR,1872.0,1970.0,1973.0,2098,2150.0,2289.0,2.291,2.149,2.426,3636,2.68,2.68,2527.0,-6.4568,107.4499
WANAKERTA,4179.0,3506.0,3711.0,3911,4123.0,3911.0,4.124,3.726,3.588,3862,3.96,3.96,3976.0,-6.4535,107.4706
CINANGKA,4015.0,3306.0,3281.0,3945,3963.0,3963.0,4.473,3.692,3.504,3836,4.29,4.29,3947.0,-6.4384,107.4647
CIKOPO,6787.0,7242.0,7264.0,7264,7379.0,7710.0,7.787,6.922,7.808,7340,7.69,7.69,7835.0,-6.4376,107.4884
KARANGMUKTI,2371.0,4468.0,2652.0,2665,2716.0,2716.0,3.076,2.615,2.945,2741,2.84,2.84,2918.0,-6.4369,107.5061
CIBODAS,5851.0,6311.0,6287.0,6854,6854.0,6854.0,7.255,5.991,6.847,6202,6.36,6.36,6529.0,-6.6295,107.4174